2020-01-01 00:00:00;СПб, Космонавтов, 45, Аптека, ОКей;73432,68
2020-01-01 00:00:00;СПб, Московский, 137, Аптека, ОКей;66752,9
2020-01-01 00:00:00;Москва Березовой Рощи пр-д 8;114822,2
2020-01-01 00:00:00;Москва Красных Зорь 21;100832,12
2020-01-01 00:00:00;Москва Скобелевская 4;203326,58
2020-01-01 00:00:00;Москва Ярославское ш. 2 к.2;103718,6
2020-01-01 00:00:00;СПб, Выборгское, 19, Аптека, ОКей;93219,25
2020-01-02 00:00:00;СПб, Космонавтов, 45, Аптека, ОКей;148827,48
2020-01-02 00:00:00;Москва Ярославское ш. 2 к.2;134933,15
2020-01-02 00:00:00;МО Горки-10 23;137978,9
2020-01-02 00:00:00;СПб, Выборгское, 19, Аптека, ОКей;188650,3
2020-01-02 00:00:00;Москва Березовой Рощи пр-д 8;159648,79
2020-01-02 00:00:00;Москва Красных Зорь 21;179653,35
2020-01-02 00:00:00;Москва Скобелевская 4;166400,59
2020-01-02 00:00:00;СПб, Московский, 137, Аптека, ОКей;126745,75
2020-01-03 00:00:00;Москва Ярославское ш. 2 к.2;162285,95
2020-01-03 00:00:00;Москва Красных Зорь 21;154252,25
2020-01-03 00:00:00;МО Горки-10 23;127608,44
2020-01-03 00:00:00;СПб, Выборгское, 19, Аптека, ОКей;172034,35
2020-01-03 00:00:00;СПб, Космонавтов, 45, Аптека, ОКей;142530,1
2020-01-03 00:00:00;Москва Березовой Рощи пр-д 8;162960,1
2020-01-03 00:00:00;Москва Скобелевская 4;125213,45
2020-01-03 00:00:00;СПб, Московский, 137, Аптека, ОКей;130751,55
2020-01-04 00:00:00;СПб, Выборгское, 19, Аптека, ОКей;189994,67
2020-01-04 00:00:00;Москва Ярославское ш. 2 к.2;139625,2
2020-01-04 00:00:00;МО Горки-10 23;126910,8
2020-01-04 00:00:00;Москва Скобелевская 4;159119,13
2020-01-04 00:00:00;СПб, Московский, 137, Аптека, ОКей;135992,58
2020-01-04 00:00:00;СПб, Космонавтов, 45, Аптека, ОКей;118333
2020-01-04 00:00:00;Москва Березовой Рощи пр-д 8;233402,22
2020-01-04 00:00:00;Москва Красных Зорь 21;136090,25
2020-01-05 00:00:00;Москва Скобелевская 4;171880,79
2020-01-05 00:00:00;СПб, Выборгское, 19, Аптека, ОКей;201540,38
2020-01-05 00:00:00;МО Горки-10 23;98749,2
2020-01-05 00:00:00;СПб, Московский, 137, Аптека, ОКей;163841,15
2020-01-05 00:00:00;Москва Березовой Рощи пр-д 8;107314,5
2020-01-05 00:00:00;Москва Красных Зорь 21;117339
2020-01-05 00:00:00;Москва Ярославское ш. 2 к.2;146267,57
2020-01-05 00:00:00;СПб, Космонавтов, 45, Аптека, ОКей;124917,22
2020-01-06 00:00:00;Москва Скобелевская 4;169772,29
2020-01-06 00:00:00;СПб, Московский, 137, Аптека, ОКей;155313,7
2020-01-06 00:00:00;СПб, Космонавтов, 45, Аптека, ОКей;139805,59
2020-01-06 00:00:00;Москва Ярославское ш. 2 к.2;130979,25
2020-01-06 00:00:00;МО Горки-10 23;138278,85
2020-01-06 00:00:00;Москва Березовой Рощи пр-д 8;126459,6
2020-01-06 00:00:00;СПб, Выборгское, 19, Аптека, ОКей;158820,37
2020-01-06 00:00:00;Москва Красных Зорь 21;141420,3
2020-01-07 00:00:00;СПб, Космонавтов, 45, Аптека, ОКей;119682,44
2020-01-07 00:00:00;СПб, Московский, 137, Аптека, ОКей;141997,45
2020-01-07 00:00:00;Москва Красных Зорь 21;157711,6
2020-01-07 00:00:00;Москва Ярославское ш. 2 к.2;113052,84
2020-01-07 00:00:00;Москва Скобелевская 4;173169,67
2020-01-07 00:00:00;Москва Березовой Рощи пр-д 8;106745,5
2020-01-07 00:00:00;МО Горки-10 23;109361,85
2020-01-07 00:00:00;СПб, Выборгское, 19, Аптека, ОКей;144751,5
2020-01-08 00:00:00;МО Горки-10 23;136697,6
2020-01-08 00:00:00;Москва Березовой Рощи пр-д 8;128373,21
2020-01-08 00:00:00;СПб, Космонавтов, 45, Аптека, ОКей;99625,35
2020-01-08 00:00:00;Москва Красных Зорь 21;117861,35
2020-01-08 00:00:00;СПб, Московский, 137, Аптека, ОКей;147007,48
2020-01-08 00:00:00;СПб, Выборгское, 19, Аптека, ОКей;148053,25
2020-01-08 00:00:00;Москва Ярославское ш. 2 к.2;120448,65
2020-01-08 00:00:00;Москва Скобелевская 4;158144,5
2020-01-09 00:00:00;Москва Красных Зорь 21;128104,43
2020-01-09 00:00:00;СПб, Выборгское, 19, Аптека, ОКей;193625
2020-01-09 00:00:00;Москва Березовой Рощи пр-д 8;208116,5
2020-01-09 00:00:00;МО Горки-10 23;83689,55
2020-01-09 00:00:00;СПб, Космонавтов, 45, Аптека, ОКей;133698,36
2020-01-09 00:00:00;Москва Ярославское ш. 2 к.2;142064,95
2020-01-09 00:00:00;Москва Скобелевская 4;147315,38
2020-01-09 00:00:00;СПб, Московский, 137, Аптека, ОКей;175564,9
2020-01-10 00:00:00;МО Горки-10 23;93257,11
2020-01-10 00:00:00;Москва Ярославское ш. 2 к.2;148679,7
2020-01-10 00:00:00;Москва Скобелевская 4;114359,56
2020-01-10 00:00:00;СПб, Выборгское, 19, Аптека, ОКей;181367,8
2020-01-10 00:00:00;СПб, Московский, 137, Аптека, ОКей;206266,64
2020-01-10 00:00:00;Москва Красных Зорь 21;138905,75
2020-01-10 00:00:00;Москва Березовой Рощи пр-д 8;223756,1
2020-01-10 00:00:00;СПб, Космонавтов, 45, Аптека, ОКей;179978,06
2020-01-11 00:00:00;Москва Ярославское ш. 2 к.2;163309,51
2020-01-11 00:00:00;Москва Скобелевская 4;150946,2
2020-01-11 00:00:00;СПб, Выборгское, 19, Аптека, ОКей;242010,33
2020-01-11 00:00:00;МО Горки-10 23;202351,95
2020-01-11 00:00:00;СПб, Космонавтов, 45, Аптека, ОКей;168974,29
2020-01-11 00:00:00;СПб, Московский, 137, Аптека, ОКей;179473,3
2020-01-11 00:00:00;Москва Березовой Рощи пр-д 8;139284,7
2020-01-11 00:00:00;Москва Красных Зорь 21;137283,89
2020-01-12 00:00:00;Москва Скобелевская 4;159117
2020-01-12 00:00:00;СПб, Московский, 137, Аптека, ОКей;179962,35
2020-01-12 00:00:00;Москва Березовой Рощи пр-д 8;155061,6
2020-01-12 00:00:00;СПб, Выборгское, 19, Аптека, ОКей;186150,5
2020-01-12 00:00:00;Москва Красных Зорь 21;187493,85
2020-01-12 00:00:00;СПб, Космонавтов, 45, Аптека, ОКей;158797,85
2020-01-12 00:00:00;МО Горки-10 23;106542,35
2020-01-12 00:00:00;Москва Ярославское ш. 2 к.2;131735,35
2020-01-13 00:00:00;Москва Березовой Рощи пр-д 8;220435,5
2020-01-13 00:00:00;Москва Скобелевская 4;149251
2020-01-13 00:00:00;СПб, Выборгское, 19, Аптека, ОКей;177982,9
2020-01-13 00:00:00;СПб, Московский, 137, Аптека, ОКей;198893,2
2020-01-13 00:00:00;СПб, Космонавтов, 45, Аптека, ОКей;156993,61
2020-01-13 00:00:00;Москва Ярославское ш. 2 к.2;144567,6
2020-01-13 00:00:00;Москва Красных Зорь 21;171191
2020-01-13 00:00:00;МО Горки-10 23;114681,95
2020-01-14 00:00:00;Москва Красных Зорь 21;134456,5
2020-01-14 00:00:00;СПб, Космонавтов, 45, Аптека, ОКей;130378,48
2020-01-14 00:00:00;СПб, Московский, 137, Аптека, ОКей;179351,22
2020-01-14 00:00:00;Москва Березовой Рощи пр-д 8;240736,15
2020-01-14 00:00:00;МО Горки-10 23;76241
2020-01-14 00:00:00;Москва Скобелевская 4;157610,45
2020-01-14 00:00:00;Москва Ярославское ш. 2 к.2;169405,65
2020-01-14 00:00:00;СПб, Выборгское, 19, Аптека, ОКей;140140,05
2020-01-15 00:00:00;СПб, Космонавтов, 45, Аптека, ОКей;163735,68
2020-01-15 00:00:00;Москва Ярославское ш. 2 к.2;154248,5
2020-01-15 00:00:00;МО Горки-10 23;95681,4
2020-01-15 00:00:00;СПб, Московский, 137, Аптека, ОКей;157820,88
2020-01-15 00:00:00;Москва Березовой Рощи пр-д 8;175906,65
2020-01-15 00:00:00;Москва Красных Зорь 21;173227,69
2020-01-15 00:00:00;Москва Скобелевская 4;206201,6
2020-01-15 00:00:00;СПб, Выборгское, 19, Аптека, ОКей;124752,2
2020-01-16 00:00:00;СПб, Выборгское, 19, Аптека, ОКей;158945,24
2020-01-16 00:00:00;Москва Березовой Рощи пр-д 8;159279,85
2020-01-16 00:00:00;СПб, Космонавтов, 45, Аптека, ОКей;146501,46
2020-01-16 00:00:00;МО Горки-10 23;152761,4
2020-01-16 00:00:00;Москва Ярославское ш. 2 к.2;190585,51
2020-01-16 00:00:00;Москва Красных Зорь 21;145816,05
2020-01-16 00:00:00;СПб, Московский, 137, Аптека, ОКей;188281,25
2020-01-16 00:00:00;Москва Скобелевская 4;138483,19
2020-01-17 00:00:00;СПб, Выборгское, 19, Аптека, ОКей;178266,1
2020-01-17 00:00:00;Москва Ярославское ш. 2 к.2;141731,95
2020-01-17 00:00:00;МО Горки-10 23;77090,6
2020-01-17 00:00:00;Москва Скобелевская 4;137039,59
2020-01-17 00:00:00;Москва Красных Зорь 21;174775,6
2020-01-17 00:00:00;СПб, Космонавтов, 45, Аптека, ОКей;140609,1
2020-01-17 00:00:00;Москва Березовой Рощи пр-д 8;185983,25
2020-01-17 00:00:00;СПб, Московский, 137, Аптека, ОКей;198446,25
2020-01-18 00:00:00;Москва Скобелевская 4;188985,4
2020-01-18 00:00:00;Москва Ярославское ш. 2 к.2;145616
2020-01-18 00:00:00;СПб, Выборгское, 19, Аптека, ОКей;223593,71
2020-01-18 00:00:00;Москва Березовой Рощи пр-д 8;157760,83
2020-01-18 00:00:00;СПб, Московский, 137, Аптека, ОКей;179360,26
2020-01-18 00:00:00;Москва Красных Зорь 21;149200,15
2020-01-18 00:00:00;МО Горки-10 23;236183,43
2020-01-18 00:00:00;СПб, Космонавтов, 45, Аптека, ОКей;176787,18
2020-01-19 00:00:00;Москва Скобелевская 4;134821,1
2020-01-19 00:00:00;СПб, Московский, 137, Аптека, ОКей;169127
2020-01-19 00:00:00;МО Горки-10 23;112890,75
2020-01-19 00:00:00;СПб, Космонавтов, 45, Аптека, ОКей;140981,74
2020-01-19 00:00:00;Москва Ярославское ш. 2 к.2;91160,68
2020-01-19 00:00:00;Москва Красных Зорь 21;129377,8
2020-01-19 00:00:00;СПб, Выборгское, 19, Аптека, ОКей;134285,65
2020-01-19 00:00:00;Москва Березовой Рощи пр-д 8;182173,74
2020-01-20 00:00:00;СПб, Космонавтов, 45, Аптека, ОКей;161785,38
2020-01-20 00:00:00;Москва Красных Зорь 21;192745,25
2020-01-20 00:00:00;СПб, Московский, 137, Аптека, ОКей;200883,65
2020-01-20 00:00:00;Москва Березовой Рощи пр-д 8;249937,3
2020-01-20 00:00:00;МО Горки-10 23;83734,4
2020-01-20 00:00:00;Москва Скобелевская 4;131297,11
2020-01-20 00:00:00;Москва Ярославское ш. 2 к.2;135416,37
2020-01-20 00:00:00;СПб, Выборгское, 19, Аптека, ОКей;183519,35
2020-01-21 00:00:00;Москва Березовой Рощи пр-д 8;194453,1
2020-01-21 00:00:00;СПб, Московский, 137, Аптека, ОКей;175205,48
2020-01-21 00:00:00;Москва Красных Зорь 21;139270,5
2020-01-21 00:00:00;СПб, Космонавтов, 45, Аптека, ОКей;181305,75
2020-01-21 00:00:00;СПб, Выборгское, 19, Аптека, ОКей;183654,2
2020-01-21 00:00:00;Москва Скобелевская 4;127439,84
2020-01-21 00:00:00;МО Горки-10 23;110299,3
2020-01-21 00:00:00;Москва Ярославское ш. 2 к.2;134637,9
2020-01-22 00:00:00;Москва Березовой Рощи пр-д 8;249199,82
2020-01-22 00:00:00;СПб, Выборгское, 19, Аптека, ОКей;165528,7
2020-01-22 00:00:00;Москва Красных Зорь 21;111622,26
2020-01-22 00:00:00;МО Горки-10 23;110390,25
2020-01-22 00:00:00;Москва Ярославское ш. 2 к.2;188014,85
2020-01-22 00:00:00;СПб, Космонавтов, 45, Аптека, ОКей;184913,88
2020-01-22 00:00:00;Москва Скобелевская 4;172559,45
2020-01-22 00:00:00;СПб, Московский, 137, Аптека, ОКей;192609,3
2020-01-23 00:00:00;Москва Ярославское ш. 2 к.2;302424,18
2020-01-23 00:00:00;СПб, Выборгское, 19, Аптека, ОКей;340960,62
2020-01-23 00:00:00;МО Горки-10 23;148919,74
2020-01-23 00:00:00;Москва Красных Зорь 21;238268,28
2020-01-23 00:00:00;Москва Скобелевская 4;243210,93
2020-01-23 00:00:00;Москва Березовой Рощи пр-д 8;304160,4
2020-01-23 00:00:00;СПб, Московский, 137, Аптека, ОКей;240428,59
2020-01-23 00:00:00;СПб, Космонавтов, 45, Аптека, ОКей;224643,59
2020-01-24 00:00:00;Москва Скобелевская 4;168406,05
2020-01-24 00:00:00;Москва Ярославское ш. 2 к.2;135091,47
2020-01-24 00:00:00;СПб, Выборгское, 19, Аптека, ОКей;200479,33
2020-01-24 00:00:00;СПб, Космонавтов, 45, Аптека, ОКей;179018,77
2020-01-24 00:00:00;СПб, Московский, 137, Аптека, ОКей;206330,56
2020-01-24 00:00:00;Москва Березовой Рощи пр-д 8;156114,1
2020-01-24 00:00:00;Москва Красных Зорь 21;160701
2020-01-24 00:00:00;МО Горки-10 23;109305,46
2020-01-25 00:00:00;Москва Скобелевская 4;143979,97
2020-01-25 00:00:00;СПб, Московский, 137, Аптека, ОКей;197602,1
2020-01-25 00:00:00;СПб, Выборгское, 19, Аптека, ОКей;223254,85
2020-01-25 00:00:00;Москва Ярославское ш. 2 к.2;160870,1
2020-01-25 00:00:00;СПб, Космонавтов, 45, Аптека, ОКей;186304,28
2020-01-25 00:00:00;МО Горки-10 23;239801,24
2020-01-25 00:00:00;Москва Березовой Рощи пр-д 8;172305,6
2020-01-25 00:00:00;Москва Красных Зорь 21;132912,7
2020-01-26 00:00:00;СПб, Космонавтов, 45, Аптека, ОКей;153155,09
2020-01-26 00:00:00;Москва Скобелевская 4;145853,44
2020-01-26 00:00:00;СПб, Московский, 137, Аптека, ОКей;171883,6
2020-01-26 00:00:00;Москва Березовой Рощи пр-д 8;159199,4
2020-01-26 00:00:00;Москва Ярославское ш. 2 к.2;127041,6
2020-01-26 00:00:00;МО Горки-10 23;122255,1
2020-01-26 00:00:00;Москва Красных Зорь 21;119935,35
2020-01-26 00:00:00;СПб, Выборгское, 19, Аптека, ОКей;186151,15
2020-01-27 00:00:00;СПб, Космонавтов, 45, Аптека, ОКей;150399,8
2020-01-27 00:00:00;СПб, Московский, 137, Аптека, ОКей;194164,59
2020-01-27 00:00:00;Москва Березовой Рощи пр-д 8;240184,65
2020-01-27 00:00:00;Москва Красных Зорь 21;179419,75
2020-01-27 00:00:00;СПб, Выборгское, 19, Аптека, ОКей;169719,3
2020-01-27 00:00:00;Москва Ярославское ш. 2 к.2;134675,55
2020-01-27 00:00:00;Москва Скобелевская 4;149182,19
2020-01-27 00:00:00;МО Горки-10 23;134165,5
2020-01-28 00:00:00;СПб, Московский, 137, Аптека, ОКей;171047,65
2020-01-28 00:00:00;Москва Березовой Рощи пр-д 8;177479,7
2020-01-28 00:00:00;Москва Ярославское ш. 2 к.2;119044,75
2020-01-28 00:00:00;МО Горки-10 23;120648,46
2020-01-28 00:00:00;СПб, Космонавтов, 45, Аптека, ОКей;160627,72
2020-01-28 00:00:00;Москва Красных Зорь 21;144033,3
2020-01-28 00:00:00;СПб, Выборгское, 19, Аптека, ОКей;226454,51
2020-01-28 00:00:00;Москва Скобелевская 4;213511,65
2020-01-29 00:00:00;СПб, Выборгское, 19, Аптека, ОКей;189659,6
2020-01-29 00:00:00;Москва Красных Зорь 21;150108,9
2020-01-29 00:00:00;Москва Березовой Рощи пр-д 8;213354,9
2020-01-29 00:00:00;МО Горки-10 23;104410,25
2020-01-29 00:00:00;Москва Ярославское ш. 2 к.2;165843,3
2020-01-29 00:00:00;СПб, Космонавтов, 45, Аптека, ОКей;152624,82
2020-01-29 00:00:00;Москва Скобелевская 4;172195,57
2020-01-29 00:00:00;СПб, Московский, 137, Аптека, ОКей;168209,52
2020-01-30 00:00:00;СПб, Выборгское, 19, Аптека, ОКей;210581,32
2020-01-30 00:00:00;МО Горки-10 23;138391,05
2020-01-30 00:00:00;Москва Скобелевская 4;174741
2020-01-30 00:00:00;СПб, Московский, 137, Аптека, ОКей;234715,94
2020-01-30 00:00:00;Москва Березовой Рощи пр-д 8;344523,34
2020-01-30 00:00:00;Москва Красных Зорь 21;175300,22
2020-01-30 00:00:00;Москва Ярославское ш. 2 к.2;205181,87
2020-01-30 00:00:00;СПб, Космонавтов, 45, Аптека, ОКей;207043,7
2020-01-31 00:00:00;Москва Ярославское ш. 2 к.2;173625
2020-01-31 00:00:00;Москва Скобелевская 4;142962,25
2020-01-31 00:00:00;СПб, Московский, 137, Аптека, ОКей;219722
2020-01-31 00:00:00;СПб, Выборгское, 19, Аптека, ОКей;244388,07
2020-01-31 00:00:00;СПб, Космонавтов, 45, Аптека, ОКей;168700,81
2020-01-31 00:00:00;Москва Березовой Рощи пр-д 8;230211,2
2020-01-31 00:00:00;МО Горки-10 23;122844,72
2020-01-31 00:00:00;Москва Красных Зорь 21;185843,98
2020-02-01 00:00:00;СПб, Московский, 137, Аптека, ОКей;205660,6
2020-02-01 00:00:00;Москва Скобелевская 4;153677,64
2020-02-01 00:00:00;СПб, Космонавтов, 45, Аптека, ОКей;170538,93
2020-02-01 00:00:00;МО Горки-10 23;193674,59
2020-02-01 00:00:00;Москва Ярославское ш. 2 к.2;134895,9
2020-02-01 00:00:00;Москва Красных Зорь 21;149768,91
2020-02-01 00:00:00;СПб, Выборгское, 19, Аптека, ОКей;209149,46
2020-02-01 00:00:00;Москва Березовой Рощи пр-д 8;139999,8
2020-02-02 00:00:00;СПб, Космонавтов, 45, Аптека, ОКей;147863,36
2020-02-02 00:00:00;СПб, Московский, 137, Аптека, ОКей;174433,65
2020-02-02 00:00:00;Москва Березовой Рощи пр-д 8;176048,9
2020-02-02 00:00:00;МО Горки-10 23;87812,5
2020-02-02 00:00:00;Москва Красных Зорь 21;151072,2
2020-02-02 00:00:00;Москва Ярославское ш. 2 к.2;134438
2020-02-02 00:00:00;Москва Скобелевская 4;188405,58
2020-02-02 00:00:00;СПб, Выборгское, 19, Аптека, ОКей;202306
2020-02-03 00:00:00;СПб, Космонавтов, 45, Аптека, ОКей;141044,3
2020-02-03 00:00:00;СПб, Московский, 137, Аптека, ОКей;154553,25
2020-02-03 00:00:00;Москва Березовой Рощи пр-д 8;232697,3
2020-02-03 00:00:00;Москва Красных Зорь 21;161040,5
2020-02-03 00:00:00;Москва Ярославское ш. 2 к.2;143801,7
2020-02-03 00:00:00;Москва Скобелевская 4;178438,45
2020-02-03 00:00:00;МО Горки-10 23;132328,2
2020-02-03 00:00:00;СПб, Выборгское, 19, Аптека, ОКей;204076,83
2020-02-04 00:00:00;СПб, Космонавтов, 45, Аптека, ОКей;149126,9
2020-02-04 00:00:00;Москва Березовой Рощи пр-д 8;187368,3
2020-02-04 00:00:00;Москва Красных Зорь 21;201142,3
2020-02-04 00:00:00;СПб, Московский, 137, Аптека, ОКей;214764,1
2020-02-04 00:00:00;МО Горки-10 23;96855,9
2020-02-04 00:00:00;Москва Ярославское ш. 2 к.2;168923,02
2020-02-04 00:00:00;Москва Скобелевская 4;178662,4
2020-02-04 00:00:00;СПб, Выборгское, 19, Аптека, ОКей;178201,7
2020-02-05 00:00:00;МО Горки-10 23;111383,95
2020-02-05 00:00:00;Москва Ярославское ш. 2 к.2;186617,02
2020-02-05 00:00:00;Москва Красных Зорь 21;158693,83
2020-02-05 00:00:00;СПб, Московский, 137, Аптека, ОКей;198215,04
2020-02-05 00:00:00;Москва Березовой Рощи пр-д 8;197708,15
2020-02-05 00:00:00;Москва Скобелевская 4;163281,08
2020-02-05 00:00:00;СПб, Выборгское, 19, Аптека, ОКей;153331,3
2020-02-05 00:00:00;СПб, Космонавтов, 45, Аптека, ОКей;135958,07
2020-02-06 00:00:00;Москва Ярославское ш. 2 к.2;162962,4
2020-02-06 00:00:00;Москва Скобелевская 4;157921,33
2020-02-06 00:00:00;МО Горки-10 23;87423,7
2020-02-06 00:00:00;СПб, Выборгское, 19, Аптека, ОКей;213686,2
2020-02-06 00:00:00;СПб, Космонавтов, 45, Аптека, ОКей;180769,3
2020-02-06 00:00:00;СПб, Московский, 137, Аптека, ОКей;200579,56
2020-02-06 00:00:00;Москва Красных Зорь 21;205120,95
2020-02-06 00:00:00;Москва Березовой Рощи пр-д 8;189742,5
2020-02-07 00:00:00;СПб, Выборгское, 19, Аптека, ОКей;222060,98
2020-02-07 00:00:00;Москва Скобелевская 4;203792,04
2020-02-07 00:00:00;Москва Красных Зорь 21;133201,7
2020-02-07 00:00:00;Москва Ярославское ш. 2 к.2;198067,35
2020-02-07 00:00:00;МО Горки-10 23;127752,8
2020-02-07 00:00:00;СПб, Космонавтов, 45, Аптека, ОКей;180480,38
2020-02-07 00:00:00;СПб, Московский, 137, Аптека, ОКей;240778,8
2020-02-07 00:00:00;Москва Березовой Рощи пр-д 8;126792,95
2020-02-08 00:00:00;Москва Красных Зорь 21;182987,75
2020-02-08 00:00:00;Москва Скобелевская 4;155490,1
2020-02-08 00:00:00;СПб, Московский, 137, Аптека, ОКей;192616,3
2020-02-08 00:00:00;Москва Березовой Рощи пр-д 8;234753,4
2020-02-08 00:00:00;СПб, Выборгское, 19, Аптека, ОКей;234536,9
2020-02-08 00:00:00;МО Горки-10 23;300603,73
2020-02-08 00:00:00;СПб, Космонавтов, 45, Аптека, ОКей;159203,32
2020-02-08 00:00:00;Москва Ярославское ш. 2 к.2;159568
2020-02-09 00:00:00;Москва Березовой Рощи пр-д 8;178610,65
2020-02-09 00:00:00;Москва Красных Зорь 21;175094,53
2020-02-09 00:00:00;СПб, Московский, 137, Аптека, ОКей;236356,69
2020-02-09 00:00:00;СПб, Космонавтов, 45, Аптека, ОКей;154195
2020-02-09 00:00:00;Москва Скобелевская 4;113758,89
2020-02-09 00:00:00;Москва Ярославское ш. 2 к.2;155378,35
2020-02-09 00:00:00;СПб, Выборгское, 19, Аптека, ОКей;145455,9
2020-02-09 00:00:00;МО Горки-10 23;80822,02
2020-02-10 00:00:00;Москва Березовой Рощи пр-д 8;233696,2
2020-02-10 00:00:00;СПб, Московский, 137, Аптека, ОКей;234681,26
2020-02-10 00:00:00;Москва Красных Зорь 21;199124,35
2020-02-10 00:00:00;СПб, Космонавтов, 45, Аптека, ОКей;174497,42
2020-02-10 00:00:00;МО Горки-10 23;108999,45
2020-02-10 00:00:00;Москва Ярославское ш. 2 к.2;158835,88
2020-02-10 00:00:00;Москва Скобелевская 4;176465,1
2020-02-10 00:00:00;СПб, Выборгское, 19, Аптека, ОКей;189409,96
2020-02-11 00:00:00;МО Горки-10 23;116314,95
2020-02-11 00:00:00;Москва Ярославское ш. 2 к.2;166875,05
2020-02-11 00:00:00;СПб, Космонавтов, 45, Аптека, ОКей;138784,19
2020-02-11 00:00:00;Москва Красных Зорь 21;203572,6
2020-02-11 00:00:00;СПб, Выборгское, 19, Аптека, ОКей;187518,55
2020-02-11 00:00:00;Москва Березовой Рощи пр-д 8;334333,8
2020-02-11 00:00:00;Москва Скобелевская 4;181993,69
2020-02-11 00:00:00;СПб, Московский, 137, Аптека, ОКей;196128,1
2020-02-12 00:00:00;Москва Ярославское ш. 2 к.2;172754,47
2020-02-12 00:00:00;Москва Красных Зорь 21;157143,45
2020-02-12 00:00:00;СПб, Выборгское, 19, Аптека, ОКей;173479,45
2020-02-12 00:00:00;МО Горки-10 23;149543,1
2020-02-12 00:00:00;Москва Скобелевская 4;127407,7
2020-02-12 00:00:00;СПб, Космонавтов, 45, Аптека, ОКей;161295,75
2020-02-12 00:00:00;Москва Березовой Рощи пр-д 8;314725,73
2020-02-12 00:00:00;СПб, Московский, 137, Аптека, ОКей;172060,5
2020-02-13 00:00:00;СПб, Выборгское, 19, Аптека, ОКей;320723,56
2020-02-13 00:00:00;Москва Скобелевская 4;222027,33
2020-02-13 00:00:00;МО Горки-10 23;131910,1
2020-02-13 00:00:00;Москва Ярославское ш. 2 к.2;237858,14
2020-02-13 00:00:00;СПб, Московский, 137, Аптека, ОКей;267855,82
2020-02-13 00:00:00;Москва Березовой Рощи пр-д 8;269704,99
2020-02-13 00:00:00;СПб, Космонавтов, 45, Аптека, ОКей;258116,77
2020-02-13 00:00:00;Москва Красных Зорь 21;287230,34
2020-02-14 00:00:00;Москва Скобелевская 4;119402,35
2020-02-14 00:00:00;СПб, Выборгское, 19, Аптека, ОКей;242138,02
2020-02-14 00:00:00;Москва Красных Зорь 21;248429,8
2020-02-14 00:00:00;СПб, Московский, 137, Аптека, ОКей;214603,85
2020-02-14 00:00:00;Москва Березовой Рощи пр-д 8;221236,1
2020-02-14 00:00:00;СПб, Космонавтов, 45, Аптека, ОКей;159406,3
2020-02-14 00:00:00;Москва Ярославское ш. 2 к.2;241142,1
2020-02-14 00:00:00;МО Горки-10 23;85276,63
2020-02-15 00:00:00;Москва Скобелевская 4;166486,14
2020-02-15 00:00:00;СПб, Московский, 137, Аптека, ОКей;205512,58
2020-02-15 00:00:00;СПб, Космонавтов, 45, Аптека, ОКей;188412,05
2020-02-15 00:00:00;Москва Березовой Рощи пр-д 8;189904,85
2020-02-15 00:00:00;Москва Ярославское ш. 2 к.2;150450,55
2020-02-15 00:00:00;Москва Красных Зорь 21;140403,25
2020-02-15 00:00:00;СПб, Выборгское, 19, Аптека, ОКей;269970,32
2020-02-15 00:00:00;МО Горки-10 23;236668,1
2020-02-16 00:00:00;СПб, Космонавтов, 45, Аптека, ОКей;165415,3
2020-02-16 00:00:00;СПб, Московский, 137, Аптека, ОКей;238964,5
2020-02-16 00:00:00;Москва Березовой Рощи пр-д 8;209840,04
2020-02-16 00:00:00;МО Горки-10 23;117421,2
2020-02-16 00:00:00;Москва Красных Зорь 21;155481,3
2020-02-16 00:00:00;Москва Скобелевская 4;204956,8
2020-02-16 00:00:00;Москва Ярославское ш. 2 к.2;125091,7
2020-02-16 00:00:00;СПб, Выборгское, 19, Аптека, ОКей;185069
2020-02-17 00:00:00;СПб, Космонавтов, 45, Аптека, ОКей;177574,45
2020-02-17 00:00:00;МО Горки-10 23;140659,83
2020-02-17 00:00:00;Москва Красных Зорь 21;157503,37
2020-02-17 00:00:00;Москва Ярославское ш. 2 к.2;192820,95
2020-02-17 00:00:00;Москва Березовой Рощи пр-д 8;174737,45
2020-02-17 00:00:00;СПб, Московский, 137, Аптека, ОКей;155727,55
2020-02-17 00:00:00;Москва Скобелевская 4;183855,73
2020-02-17 00:00:00;СПб, Выборгское, 19, Аптека, ОКей;175401,28
2020-02-18 00:00:00;СПб, Космонавтов, 45, Аптека, ОКей;143633,12
2020-02-18 00:00:00;Москва Ярославское ш. 2 к.2;140191,5
2020-02-18 00:00:00;СПб, Выборгское, 19, Аптека, ОКей;160042,4
2020-02-18 00:00:00;Москва Красных Зорь 21;155693,4
2020-02-18 00:00:00;МО Горки-10 23;89904
2020-02-18 00:00:00;Москва Березовой Рощи пр-д 8;271993,15
2020-02-18 00:00:00;СПб, Московский, 137, Аптека, ОКей;174973,58
2020-02-18 00:00:00;Москва Скобелевская 4;142599,03
2020-02-19 00:00:00;Москва Ярославское ш. 2 к.2;157234,8
2020-02-19 00:00:00;СПб, Выборгское, 19, Аптека, ОКей;195455,4
2020-02-19 00:00:00;Москва Скобелевская 4;147479,72
2020-02-19 00:00:00;МО Горки-10 23;80006,75
2020-02-19 00:00:00;СПб, Космонавтов, 45, Аптека, ОКей;155616,72
2020-02-19 00:00:00;Москва Березовой Рощи пр-д 8;212483,88
2020-02-19 00:00:00;СПб, Московский, 137, Аптека, ОКей;172500
2020-02-19 00:00:00;Москва Красных Зорь 21;153188,85
2020-02-20 00:00:00;СПб, Выборгское, 19, Аптека, ОКей;168901,14
2020-02-20 00:00:00;Москва Ярославское ш. 2 к.2;169376
2020-02-20 00:00:00;Москва Скобелевская 4;157482
2020-02-20 00:00:00;СПб, Московский, 137, Аптека, ОКей;211358,36
2020-02-20 00:00:00;Москва Березовой Рощи пр-д 8;286300,28
2020-02-20 00:00:00;МО Горки-10 23;110251,5
2020-02-20 00:00:00;Москва Красных Зорь 21;156771,15
2020-02-20 00:00:00;СПб, Космонавтов, 45, Аптека, ОКей;186990,1
2020-02-21 00:00:00;СПб, Московский, 137, Аптека, ОКей;199436,74
2020-02-21 00:00:00;Москва Скобелевская 4;177169,16
2020-02-21 00:00:00;Москва Березовой Рощи пр-д 8;176799,5
2020-02-21 00:00:00;Москва Красных Зорь 21;150678,58
2020-02-21 00:00:00;СПб, Выборгское, 19, Аптека, ОКей;199457,35
2020-02-21 00:00:00;СПб, Космонавтов, 45, Аптека, ОКей;173710,05
2020-02-21 00:00:00;МО Горки-10 23;131102,95
2020-02-21 00:00:00;Москва Ярославское ш. 2 к.2;174535,91
2020-02-22 00:00:00;Москва Березовой Рощи пр-д 8;151754,2
2020-02-22 00:00:00;МО Горки-10 23;241900,23
2020-02-22 00:00:00;СПб, Выборгское, 19, Аптека, ОКей;219754,76
2020-02-22 00:00:00;СПб, Московский, 137, Аптека, ОКей;172487,52
2020-02-22 00:00:00;СПб, Космонавтов, 45, Аптека, ОКей;185221,9
2020-02-22 00:00:00;Москва Ярославское ш. 2 к.2;118661,84
2020-02-22 00:00:00;Москва Красных Зорь 21;131425,22
2020-02-22 00:00:00;Москва Скобелевская 4;178087,25
2020-02-23 00:00:00;Москва Красных Зорь 21;137046,8
2020-02-23 00:00:00;Москва Березовой Рощи пр-д 8;121773,15
2020-02-23 00:00:00;МО Горки-10 23;146736
2020-02-23 00:00:00;Москва Скобелевская 4;107132,68
2020-02-23 00:00:00;Москва Ярославское ш. 2 к.2;108090,22
2020-02-23 00:00:00;СПб, Космонавтов, 45, Аптека, ОКей;136616,13
2020-02-23 00:00:00;СПб, Московский, 137, Аптека, ОКей;152855,85
2020-02-23 00:00:00;СПб, Выборгское, 19, Аптека, ОКей;180263,75
2020-02-24 00:00:00;СПб, Космонавтов, 45, Аптека, ОКей;146625
2020-02-24 00:00:00;МО Горки-10 23;128640,27
2020-02-24 00:00:00;Москва Ярославское ш. 2 к.2;122504,1
2020-02-24 00:00:00;Москва Березовой Рощи пр-д 8;217947,9
2020-02-24 00:00:00;Москва Красных Зорь 21;149229,25
2020-02-24 00:00:00;СПб, Московский, 137, Аптека, ОКей;166145,9
2020-02-24 00:00:00;СПб, Выборгское, 19, Аптека, ОКей;145070,85
2020-02-24 00:00:00;Москва Скобелевская 4;154012,67
2020-02-25 00:00:00;МО Горки-10 23;99501,7
2020-02-25 00:00:00;СПб, Выборгское, 19, Аптека, ОКей;182911,65
2020-02-25 00:00:00;Москва Ярославское ш. 2 к.2;158337,4
2020-02-25 00:00:00;СПб, Космонавтов, 45, Аптека, ОКей;142739,85
2020-02-25 00:00:00;СПб, Московский, 137, Аптека, ОКей;178129,55
2020-02-25 00:00:00;Москва Березовой Рощи пр-д 8;247539,4
2020-02-25 00:00:00;Москва Скобелевская 4;158779,13
2020-02-25 00:00:00;Москва Красных Зорь 21;180373,8
2020-02-26 00:00:00;СПб, Выборгское, 19, Аптека, ОКей;189627,9
2020-02-26 00:00:00;Москва Скобелевская 4;140888,7
2020-02-26 00:00:00;Москва Ярославское ш. 2 к.2;158492,6
2020-02-26 00:00:00;МО Горки-10 23;135923,3
2020-02-26 00:00:00;Москва Красных Зорь 21;174825,5
2020-02-26 00:00:00;Москва Березовой Рощи пр-д 8;219462,61
2020-02-26 00:00:00;СПб, Космонавтов, 45, Аптека, ОКей;149082,77
2020-02-26 00:00:00;СПб, Московский, 137, Аптека, ОКей;186522,3
2020-02-27 00:00:00;Москва Скобелевская 4;213697,2
2020-02-27 00:00:00;СПб, Выборгское, 19, Аптека, ОКей;218292,5
2020-02-27 00:00:00;Москва Березовой Рощи пр-д 8;288359,81
2020-02-27 00:00:00;СПб, Московский, 137, Аптека, ОКей;230259,3
2020-02-27 00:00:00;Москва Красных Зорь 21;218953
2020-02-27 00:00:00;СПб, Космонавтов, 45, Аптека, ОКей;170479,61
2020-02-27 00:00:00;Москва Ярославское ш. 2 к.2;221648,12
2020-02-27 00:00:00;МО Горки-10 23;184351,57
2020-02-28 00:00:00;СПб, Выборгское, 19, Аптека, ОКей;209667,15
2020-02-28 00:00:00;СПб, Московский, 137, Аптека, ОКей;237827,68
2020-02-28 00:00:00;Москва Скобелевская 4;185522,34
2020-02-28 00:00:00;СПб, Космонавтов, 45, Аптека, ОКей;177826,76
2020-02-28 00:00:00;МО Горки-10 23;143844,01
2020-02-28 00:00:00;Москва Красных Зорь 21;161407,43
2020-02-28 00:00:00;Москва Березовой Рощи пр-д 8;231413,6
2020-02-28 00:00:00;Москва Ярославское ш. 2 к.2;173995,75
2020-02-29 00:00:00;СПб, Московский, 137, Аптека, ОКей;251142,4
2020-02-29 00:00:00;СПб, Космонавтов, 45, Аптека, ОКей;185418,05
2020-02-29 00:00:00;Москва Красных Зорь 21;207884,5
2020-02-29 00:00:00;Москва Березовой Рощи пр-д 8;149068,5
2020-02-29 00:00:00;МО Горки-10 23;323694,85
2020-02-29 00:00:00;Москва Ярославское ш. 2 к.2;143057,91
2020-02-29 00:00:00;Москва Скобелевская 4;170335,28
2020-02-29 00:00:00;СПб, Выборгское, 19, Аптека, ОКей;223632,2
2020-03-01 00:00:00;СПб, Московский, 137, Аптека, ОКей;184198,14
2020-03-01 00:00:00;Москва Березовой Рощи пр-д 8;140503,02
2020-03-01 00:00:00;МО Горки-10 23;163675,7
2020-03-01 00:00:00;СПб, Космонавтов, 45, Аптека, ОКей;135517,55
2020-03-01 00:00:00;Москва Ярославское ш. 2 к.2;127693,4
2020-03-01 00:00:00;Москва Скобелевская 4;125815,59
2020-03-01 00:00:00;Москва Красных Зорь 21;156705,56
2020-03-01 00:00:00;СПб, Выборгское, 19, Аптека, ОКей;162514,8
2020-03-02 00:00:00;СПб, Выборгское, 19, Аптека, ОКей;201351,5
2020-03-02 00:00:00;Москва Березовой Рощи пр-д 8;262992,53
2020-03-02 00:00:00;Москва Ярославское ш. 2 к.2;131770,32
2020-03-02 00:00:00;СПб, Космонавтов, 45, Аптека, ОКей;141076,67
2020-03-02 00:00:00;МО Горки-10 23;126294
2020-03-02 00:00:00;Москва Красных Зорь 21;151044,4
2020-03-02 00:00:00;СПб, Московский, 137, Аптека, ОКей;179146,75
2020-03-02 00:00:00;Москва Скобелевская 4;156286,39
2020-03-03 00:00:00;Москва Красных Зорь 21;178320,8
2020-03-03 00:00:00;Москва Ярославское ш. 2 к.2;173503,3
2020-03-03 00:00:00;СПб, Выборгское, 19, Аптека, ОКей;203005,8
2020-03-03 00:00:00;Москва Скобелевская 4;177718,91
2020-03-03 00:00:00;МО Горки-10 23;133202,03
2020-03-03 00:00:00;СПб, Московский, 137, Аптека, ОКей;144194,2
2020-03-03 00:00:00;СПб, Космонавтов, 45, Аптека, ОКей;166773,1
2020-03-03 00:00:00;Москва Березовой Рощи пр-д 8;261440,26
2020-03-04 00:00:00;МО Горки-10 23;125266,41
2020-03-04 00:00:00;Москва Скобелевская 4;216590,97
2020-03-04 00:00:00;Москва Ярославское ш. 2 к.2;182041,93
2020-03-04 00:00:00;СПб, Выборгское, 19, Аптека, ОКей;199137,86
2020-03-04 00:00:00;СПб, Космонавтов, 45, Аптека, ОКей;125191,8
2020-03-04 00:00:00;СПб, Московский, 137, Аптека, ОКей;211167,12
2020-03-04 00:00:00;Москва Красных Зорь 21;153651,3
2020-03-04 00:00:00;Москва Березовой Рощи пр-д 8;242136,88
2020-03-05 00:00:00;СПб, Московский, 137, Аптека, ОКей;198976,39
2020-03-05 00:00:00;СПб, Выборгское, 19, Аптека, ОКей;207915,79
2020-03-05 00:00:00;Москва Березовой Рощи пр-д 8;252352,9
2020-03-05 00:00:00;Москва Скобелевская 4;209184,64
2020-03-05 00:00:00;МО Горки-10 23;147481,81
2020-03-05 00:00:00;СПб, Космонавтов, 45, Аптека, ОКей;144356,44
2020-03-05 00:00:00;Москва Красных Зорь 21;169214,09
2020-03-05 00:00:00;Москва Ярославское ш. 2 к.2;247887,5
2020-03-06 00:00:00;СПб, Космонавтов, 45, Аптека, ОКей;208938,97
2020-03-06 00:00:00;Москва Скобелевская 4;197632,88
2020-03-06 00:00:00;СПб, Московский, 137, Аптека, ОКей;241749,29
2020-03-06 00:00:00;Москва Березовой Рощи пр-д 8;221323,19
2020-03-06 00:00:00;Москва Ярославское ш. 2 к.2;175303,13
2020-03-06 00:00:00;Москва Красных Зорь 21;144538,7
2020-03-06 00:00:00;СПб, Выборгское, 19, Аптека, ОКей;301978,62
2020-03-06 00:00:00;МО Горки-10 23;108543,81
2020-03-07 00:00:00;СПб, Космонавтов, 45, Аптека, ОКей;192099,25
2020-03-07 00:00:00;СПб, Московский, 137, Аптека, ОКей;228448,05
2020-03-07 00:00:00;Москва Красных Зорь 21;161844,3
2020-03-07 00:00:00;Москва Березовой Рощи пр-д 8;207521,96
2020-03-07 00:00:00;СПб, Выборгское, 19, Аптека, ОКей;245530,35
2020-03-07 00:00:00;Москва Скобелевская 4;228485,3
2020-03-07 00:00:00;МО Горки-10 23;328812,58
2020-03-07 00:00:00;Москва Ярославское ш. 2 к.2;141998,9
2020-03-08 00:00:00;Москва Березовой Рощи пр-д 8;157659,2
2020-03-08 00:00:00;Москва Красных Зорь 21;122122,9
2020-03-08 00:00:00;СПб, Московский, 137, Аптека, ОКей;105490,3
2020-03-08 00:00:00;МО Горки-10 23;111351,62
2020-03-08 00:00:00;Москва Ярославское ш. 2 к.2;82877,35
2020-03-08 00:00:00;СПб, Космонавтов, 45, Аптека, ОКей;116513,3
2020-03-08 00:00:00;СПб, Выборгское, 19, Аптека, ОКей;169187,57
2020-03-08 00:00:00;Москва Скобелевская 4;125463,66
2020-03-09 00:00:00;СПб, Космонавтов, 45, Аптека, ОКей;150549,6
2020-03-09 00:00:00;МО Горки-10 23;91282,94
2020-03-09 00:00:00;Москва Ярославское ш. 2 к.2;111819,3
2020-03-09 00:00:00;Москва Березовой Рощи пр-д 8;239604,76
2020-03-09 00:00:00;СПб, Выборгское, 19, Аптека, ОКей;179620,35
2020-03-09 00:00:00;Москва Красных Зорь 21;173156,75
2020-03-09 00:00:00;СПб, Московский, 137, Аптека, ОКей;143822,1
2020-03-09 00:00:00;Москва Скобелевская 4;135834,45
2020-03-10 00:00:00;СПб, Выборгское, 19, Аптека, ОКей;191078,04
2020-03-10 00:00:00;Москва Ярославское ш. 2 к.2;132753,57
2020-03-10 00:00:00;МО Горки-10 23;130577,59
2020-03-10 00:00:00;Москва Скобелевская 4;144572,2
2020-03-10 00:00:00;СПб, Московский, 137, Аптека, ОКей;219816,9
2020-03-10 00:00:00;СПб, Космонавтов, 45, Аптека, ОКей;150251,5
2020-03-10 00:00:00;Москва Березовой Рощи пр-д 8;220596,45
2020-03-10 00:00:00;Москва Красных Зорь 21;175654,35
2020-03-11 00:00:00;СПб, Выборгское, 19, Аптека, ОКей;178204,15
2020-03-11 00:00:00;Москва Скобелевская 4;172658,2
2020-03-11 00:00:00;Москва Ярославское ш. 2 к.2;158959,8
2020-03-11 00:00:00;Москва Березовой Рощи пр-д 8;245461,68
2020-03-11 00:00:00;СПб, Московский, 137, Аптека, ОКей;208230
2020-03-11 00:00:00;МО Горки-10 23;134106,5
2020-03-11 00:00:00;Москва Красных Зорь 21;127944,18
2020-03-11 00:00:00;СПб, Космонавтов, 45, Аптека, ОКей;139454,75
2020-03-12 00:00:00;СПб, Московский, 137, Аптека, ОКей;233435,8
2020-03-12 00:00:00;Москва Скобелевская 4;298249,56
2020-03-12 00:00:00;Москва Березовой Рощи пр-д 8;408406,47
2020-03-12 00:00:00;МО Горки-10 23;207539,75
2020-03-12 00:00:00;СПб, Выборгское, 19, Аптека, ОКей;208256,55
2020-03-12 00:00:00;Москва Красных Зорь 21;252821,23
2020-03-12 00:00:00;СПб, Космонавтов, 45, Аптека, ОКей;168889,26
2020-03-12 00:00:00;Москва Ярославское ш. 2 к.2;280393
2020-03-13 00:00:00;Москва Березовой Рощи пр-д 8;345716,25
2020-03-13 00:00:00;СПб, Московский, 137, Аптека, ОКей;251809,84
2020-03-13 00:00:00;СПб, Космонавтов, 45, Аптека, ОКей;211584,3
2020-03-13 00:00:00;МО Горки-10 23;158877,06
2020-03-13 00:00:00;Москва Скобелевская 4;168567,41
2020-03-13 00:00:00;СПб, Выборгское, 19, Аптека, ОКей;310738,61
2020-03-13 00:00:00;Москва Ярославское ш. 2 к.2;204345,9
2020-03-13 00:00:00;Москва Красных Зорь 21;197665,12
2020-03-14 00:00:00;СПб, Московский, 137, Аптека, ОКей;304409,82
2020-03-14 00:00:00;СПб, Космонавтов, 45, Аптека, ОКей;304480,19
2020-03-14 00:00:00;Москва Березовой Рощи пр-д 8;353281,97
2020-03-14 00:00:00;Москва Красных Зорь 21;200897,6
2020-03-14 00:00:00;Москва Скобелевская 4;245624,63
2020-03-14 00:00:00;МО Горки-10 23;309465,26
2020-03-14 00:00:00;Москва Ярославское ш. 2 к.2;173547,2
2020-03-14 00:00:00;СПб, Выборгское, 19, Аптека, ОКей;395358,22
2020-03-15 00:00:00;МО Горки-10 23;207696,8
2020-03-15 00:00:00;СПб, Космонавтов, 45, Аптека, ОКей;207269,31
2020-03-15 00:00:00;Москва Ярославское ш. 2 к.2;162865,12
2020-03-15 00:00:00;Москва Березовой Рощи пр-д 8;320420,4
2020-03-15 00:00:00;СПб, Выборгское, 19, Аптека, ОКей;306231,15
2020-03-15 00:00:00;Москва Красных Зорь 21;287131,7
2020-03-15 00:00:00;Москва Скобелевская 4;215911,82
2020-03-15 00:00:00;СПб, Московский, 137, Аптека, ОКей;315045,6
2020-03-16 00:00:00;Москва Ярославское ш. 2 к.2;284609,6
2020-03-16 00:00:00;МО Горки-10 23;336472,6
2020-03-16 00:00:00;Москва Красных Зорь 21;372956,6
2020-03-16 00:00:00;СПб, Выборгское, 19, Аптека, ОКей;332332,8
2020-03-16 00:00:00;СПб, Космонавтов, 45, Аптека, ОКей;257409,42
2020-03-16 00:00:00;Москва Березовой Рощи пр-д 8;458593,55
2020-03-16 00:00:00;СПб, Московский, 137, Аптека, ОКей;345495,22
2020-03-16 00:00:00;Москва Скобелевская 4;290886,05
2020-03-17 00:00:00;СПб, Выборгское, 19, Аптека, ОКей;386060,17
2020-03-17 00:00:00;СПб, Космонавтов, 45, Аптека, ОКей;308242,08
2020-03-17 00:00:00;СПб, Московский, 137, Аптека, ОКей;430286,6
2020-03-17 00:00:00;Москва Ярославское ш. 2 к.2;336844,39
2020-03-17 00:00:00;Москва Скобелевская 4;359186,16
2020-03-17 00:00:00;МО Горки-10 23;351041,15
2020-03-17 00:00:00;Москва Березовой Рощи пр-д 8;627574
2020-03-17 00:00:00;Москва Красных Зорь 21;472808,65
2020-03-18 00:00:00;Москва Скобелевская 4;339440,15
2020-03-18 00:00:00;СПб, Выборгское, 19, Аптека, ОКей;383649,55
2020-03-18 00:00:00;Москва Березовой Рощи пр-д 8;513243,25
2020-03-18 00:00:00;СПб, Московский, 137, Аптека, ОКей;396760,5
2020-03-18 00:00:00;МО Горки-10 23;341418,79
2020-03-18 00:00:00;Москва Красных Зорь 21;299104,15
2020-03-18 00:00:00;СПб, Космонавтов, 45, Аптека, ОКей;263130,09
2020-03-18 00:00:00;Москва Ярославское ш. 2 к.2;342308,15
2020-03-19 00:00:00;Москва Скобелевская 4;251949,07
2020-03-19 00:00:00;СПб, Московский, 137, Аптека, ОКей;262649,94
2020-03-19 00:00:00;Москва Ярославское ш. 2 к.2;281604,33
2020-03-19 00:00:00;МО Горки-10 23;188484
2020-03-19 00:00:00;СПб, Космонавтов, 45, Аптека, ОКей;197329,35
2020-03-19 00:00:00;СПб, Выборгское, 19, Аптека, ОКей;192317,32
2020-03-19 00:00:00;Москва Красных Зорь 21;376547,95
2020-03-19 00:00:00;Москва Березовой Рощи пр-д 8;515772,76
2020-03-20 00:00:00;СПб, Космонавтов, 45, Аптека, ОКей;211642,86
2020-03-20 00:00:00;СПб, Московский, 137, Аптека, ОКей;216429,9
2020-03-20 00:00:00;Москва Красных Зорь 21;212112,75
2020-03-20 00:00:00;Москва Березовой Рощи пр-д 8;396605,45
2020-03-20 00:00:00;МО Горки-10 23;236367,65
2020-03-20 00:00:00;Москва Ярославское ш. 2 к.2;276079,4
2020-03-20 00:00:00;Москва Скобелевская 4;219744,94
2020-03-20 00:00:00;СПб, Выборгское, 19, Аптека, ОКей;214580,56
2020-03-21 00:00:00;МО Горки-10 23;316659,13
2020-03-21 00:00:00;Москва Красных Зорь 21;212688,99
2020-03-21 00:00:00;СПб, Московский, 137, Аптека, ОКей;199742,66
2020-03-21 00:00:00;Москва Березовой Рощи пр-д 8;249054,25
2020-03-21 00:00:00;СПб, Космонавтов, 45, Аптека, ОКей;216167,91
2020-03-21 00:00:00;СПб, Выборгское, 19, Аптека, ОКей;246274,15
2020-03-21 00:00:00;Москва Ярославское ш. 2 к.2;166637
2020-03-21 00:00:00;Москва Скобелевская 4;163672,55
2020-03-22 00:00:00;Москва Красных Зорь 21;163349,7
2020-03-22 00:00:00;Москва Березовой Рощи пр-д 8;296266,45
2020-03-22 00:00:00;Москва Ярославское ш. 2 к.2;141561,5
2020-03-22 00:00:00;МО Горки-10 23;157350,33
2020-03-22 00:00:00;СПб, Космонавтов, 45, Аптека, ОКей;208697,37
2020-03-22 00:00:00;Москва Скобелевская 4;166966,5
2020-03-22 00:00:00;СПб, Выборгское, 19, Аптека, ОКей;237853,65
2020-03-22 00:00:00;СПб, Московский, 137, Аптека, ОКей;169995,51
2020-03-23 00:00:00;СПб, Космонавтов, 45, Аптека, ОКей;180681,08
2020-03-23 00:00:00;Москва Красных Зорь 21;314131,1
2020-03-23 00:00:00;Москва Ярославское ш. 2 к.2;229914,18
2020-03-23 00:00:00;МО Горки-10 23;200146,27
2020-03-23 00:00:00;СПб, Выборгское, 19, Аптека, ОКей;259616,7
2020-03-23 00:00:00;Москва Скобелевская 4;216376,42
2020-03-23 00:00:00;Москва Березовой Рощи пр-д 8;307536,02
2020-03-23 00:00:00;СПб, Московский, 137, Аптека, ОКей;187092
2020-03-24 00:00:00;СПб, Выборгское, 19, Аптека, ОКей;198274,25
2020-03-24 00:00:00;МО Горки-10 23;135962,85
2020-03-24 00:00:00;СПб, Московский, 137, Аптека, ОКей;184910,26
2020-03-24 00:00:00;СПб, Космонавтов, 45, Аптека, ОКей;151439,13
2020-03-24 00:00:00;Москва Ярославское ш. 2 к.2;180850,15
2020-03-24 00:00:00;Москва Скобелевская 4;262313,33
2020-03-24 00:00:00;Москва Березовой Рощи пр-д 8;363710,4
2020-03-24 00:00:00;Москва Красных Зорь 21;148557,65
2020-03-25 00:00:00;Москва Скобелевская 4;243786,7
2020-03-25 00:00:00;СПб, Московский, 137, Аптека, ОКей;218415,16
2020-03-25 00:00:00;Москва Красных Зорь 21;215499,39
2020-03-25 00:00:00;СПб, Выборгское, 19, Аптека, ОКей;247200,45
2020-03-25 00:00:00;Москва Березовой Рощи пр-д 8;399830,28
2020-03-25 00:00:00;МО Горки-10 23;195201,74
2020-03-25 00:00:00;СПб, Космонавтов, 45, Аптека, ОКей;178828,12
2020-03-25 00:00:00;Москва Ярославское ш. 2 к.2;181277,35
2020-03-26 00:00:00;СПб, Московский, 137, Аптека, ОКей;313062,07
2020-03-26 00:00:00;Москва Березовой Рощи пр-д 8;440547,76
2020-03-26 00:00:00;Москва Скобелевская 4;251307,44
2020-03-26 00:00:00;СПб, Космонавтов, 45, Аптека, ОКей;207262,58
2020-03-26 00:00:00;Москва Ярославское ш. 2 к.2;226462,66
2020-03-26 00:00:00;МО Горки-10 23;172979,25
2020-03-26 00:00:00;Москва Красных Зорь 21;238594,55
2020-03-26 00:00:00;СПб, Выборгское, 19, Аптека, ОКей;388913,85
2020-03-27 00:00:00;СПб, Космонавтов, 45, Аптека, ОКей;281391,7
2020-03-27 00:00:00;СПб, Московский, 137, Аптека, ОКей;367911,7
2020-03-27 00:00:00;Москва Березовой Рощи пр-д 8;433172,2
2020-03-27 00:00:00;Москва Красных Зорь 21;370187,79
2020-03-27 00:00:00;Москва Ярославское ш. 2 к.2;324580,19
2020-03-27 00:00:00;МО Горки-10 23;288278,36
2020-03-27 00:00:00;Москва Скобелевская 4;256950,32
2020-03-27 00:00:00;СПб, Выборгское, 19, Аптека, ОКей;413107,15
2020-03-28 00:00:00;СПб, Космонавтов, 45, Аптека, ОКей;267278
2020-03-28 00:00:00;Москва Ярославское ш. 2 к.2;177904,25
2020-03-28 00:00:00;МО Горки-10 23;307758,06
2020-03-28 00:00:00;Москва Красных Зорь 21;243042,31
2020-03-28 00:00:00;СПб, Московский, 137, Аптека, ОКей;223850
2020-03-28 00:00:00;Москва Березовой Рощи пр-д 8;281232,23
2020-03-28 00:00:00;СПб, Выборгское, 19, Аптека, ОКей;294479,5
2020-03-28 00:00:00;Москва Скобелевская 4;230104,79
2020-03-29 00:00:00;МО Горки-10 23;209927,55
2020-03-29 00:00:00;СПб, Космонавтов, 45, Аптека, ОКей;173130,65
2020-03-29 00:00:00;Москва Ярославское ш. 2 к.2;153059,5
2020-03-29 00:00:00;Москва Красных Зорь 21;282240,9
2020-03-29 00:00:00;СПб, Выборгское, 19, Аптека, ОКей;223303,86
2020-03-29 00:00:00;Москва Березовой Рощи пр-д 8;351977,08
2020-03-29 00:00:00;Москва Скобелевская 4;205974,62
2020-03-29 00:00:00;СПб, Московский, 137, Аптека, ОКей;187739,5
2020-03-30 00:00:00;СПб, Выборгское, 19, Аптека, ОКей;319324,32
2020-03-30 00:00:00;Москва Скобелевская 4;216395,75
2020-03-30 00:00:00;Москва Ярославское ш. 2 к.2;200236,14
2020-03-30 00:00:00;МО Горки-10 23;200691,15
2020-03-30 00:00:00;СПб, Космонавтов, 45, Аптека, ОКей;200441,7
2020-03-30 00:00:00;СПб, Московский, 137, Аптека, ОКей;215853,65
2020-03-30 00:00:00;Москва Березовой Рощи пр-д 8;290200,01
2020-03-30 00:00:00;Москва Красных Зорь 21;221133,8
2020-03-31 00:00:00;СПб, Выборгское, 19, Аптека, ОКей;286897,8
2020-03-31 00:00:00;Москва Скобелевская 4;233831,6
2020-03-31 00:00:00;Москва Ярославское ш. 2 к.2;193495,65
2020-03-31 00:00:00;Москва Березовой Рощи пр-д 8;238069,28
2020-03-31 00:00:00;СПб, Московский, 137, Аптека, ОКей;168763,74
2020-03-31 00:00:00;СПб, Космонавтов, 45, Аптека, ОКей;202559,2
2020-03-31 00:00:00;МО Горки-10 23;178161,5
2020-03-31 00:00:00;Москва Красных Зорь 21;160850,56
2020-04-01 00:00:00;Москва Скобелевская 4;137782,9
2020-04-01 00:00:00;СПб, Московский, 137, Аптека, ОКей;131370,95
2020-04-01 00:00:00;СПб, Выборгское, 19, Аптека, ОКей;197488,04
2020-04-01 00:00:00;Москва Красных Зорь 21;163311,9
2020-04-01 00:00:00;Москва Березовой Рощи пр-д 8;254989,35
2020-04-01 00:00:00;СПб, Космонавтов, 45, Аптека, ОКей;185004,48
2020-04-01 00:00:00;МО Горки-10 23;169643,3
2020-04-01 00:00:00;Москва Ярославское ш. 2 к.2;192955,45
2020-04-02 00:00:00;Москва Березовой Рощи пр-д 8;201312,85
2020-04-02 00:00:00;Москва Красных Зорь 21;157231,9
2020-04-02 00:00:00;СПб, Московский, 137, Аптека, ОКей;161595,9
2020-04-02 00:00:00;СПб, Космонавтов, 45, Аптека, ОКей;177514,32
2020-04-02 00:00:00;Москва Скобелевская 4;163262,1
2020-04-02 00:00:00;СПб, Выборгское, 19, Аптека, ОКей;248726
2020-04-02 00:00:00;Москва Ярославское ш. 2 к.2;167284,9
2020-04-02 00:00:00;МО Горки-10 23;196672,56
2020-04-03 00:00:00;СПб, Московский, 137, Аптека, ОКей;170411,05
2020-04-03 00:00:00;Москва Березовой Рощи пр-д 8;225018,49
2020-04-03 00:00:00;СПб, Космонавтов, 45, Аптека, ОКей;196966,76
2020-04-03 00:00:00;Москва Красных Зорь 21;188251,99
2020-04-03 00:00:00;Москва Ярославское ш. 2 к.2;151259,92
2020-04-03 00:00:00;Москва Скобелевская 4;224274,6
2020-04-03 00:00:00;МО Горки-10 23;189122,87
2020-04-03 00:00:00;СПб, Выборгское, 19, Аптека, ОКей;254903,91
2020-04-04 00:00:00;СПб, Космонавтов, 45, Аптека, ОКей;149977,6
2020-04-04 00:00:00;Москва Ярославское ш. 2 к.2;100407,75
2020-04-04 00:00:00;СПб, Выборгское, 19, Аптека, ОКей;203828,9
2020-04-04 00:00:00;Москва Красных Зорь 21;151498,2
2020-04-04 00:00:00;МО Горки-10 23;171793,75
2020-04-04 00:00:00;Москва Березовой Рощи пр-д 8;152519,65
2020-04-04 00:00:00;Москва Скобелевская 4;185975,31
2020-04-04 00:00:00;СПб, Московский, 137, Аптека, ОКей;155336,6
2020-04-05 00:00:00;Москва Ярославское ш. 2 к.2;93645,95
2020-04-05 00:00:00;МО Горки-10 23;156822,2
2020-04-05 00:00:00;СПб, Выборгское, 19, Аптека, ОКей;181468,5
2020-04-05 00:00:00;Москва Красных Зорь 21;113173,3
2020-04-05 00:00:00;СПб, Космонавтов, 45, Аптека, ОКей;117342,77
2020-04-05 00:00:00;Москва Березовой Рощи пр-д 8;151560,85
2020-04-05 00:00:00;Москва Скобелевская 4;92525,4
2020-04-05 00:00:00;СПб, Московский, 137, Аптека, ОКей;134682,7
2020-04-06 00:00:00;СПб, Выборгское, 19, Аптека, ОКей;217000,24
2020-04-06 00:00:00;Москва Ярославское ш. 2 к.2;116296,23
2020-04-06 00:00:00;Москва Скобелевская 4;126558,6
2020-04-06 00:00:00;МО Горки-10 23;134720,65
2020-04-06 00:00:00;СПб, Космонавтов, 45, Аптека, ОКей;180429,27
2020-04-06 00:00:00;СПб, Московский, 137, Аптека, ОКей;139978,5
2020-04-06 00:00:00;Москва Красных Зорь 21;166159,9
2020-04-06 00:00:00;Москва Березовой Рощи пр-д 8;117083,5
2020-04-07 00:00:00;Москва Скобелевская 4;149903,5
2020-04-07 00:00:00;СПб, Выборгское, 19, Аптека, ОКей;201518,18
2020-04-07 00:00:00;СПб, Московский, 137, Аптека, ОКей;102531,8
2020-04-07 00:00:00;Москва Красных Зорь 21;150173,2
2020-04-07 00:00:00;Москва Березовой Рощи пр-д 8;190004,72
2020-04-07 00:00:00;МО Горки-10 23;125011,2
2020-04-07 00:00:00;Москва Ярославское ш. 2 к.2;152197,13
2020-04-07 00:00:00;СПб, Космонавтов, 45, Аптека, ОКей;150590,3
2020-04-08 00:00:00;Москва Скобелевская 4;160972,88
2020-04-08 00:00:00;СПб, Московский, 137, Аптека, ОКей;111832,7
2020-04-08 00:00:00;СПб, Выборгское, 19, Аптека, ОКей;162680,9
2020-04-08 00:00:00;СПб, Космонавтов, 45, Аптека, ОКей;124525
2020-04-08 00:00:00;Москва Ярославское ш. 2 к.2;155108,31
2020-04-08 00:00:00;Москва Красных Зорь 21;162972,4
2020-04-08 00:00:00;МО Горки-10 23;146042
2020-04-08 00:00:00;Москва Березовой Рощи пр-д 8;152376,33
2020-04-09 00:00:00;СПб, Московский, 137, Аптека, ОКей;148951,47
2020-04-09 00:00:00;Москва Березовой Рощи пр-д 8;172996,53
2020-04-09 00:00:00;Москва Красных Зорь 21;183572,98
2020-04-09 00:00:00;МО Горки-10 23;157930,42
2020-04-09 00:00:00;Москва Скобелевская 4;181078,4
2020-04-09 00:00:00;Москва Ярославское ш. 2 к.2;189172,51
2020-04-09 00:00:00;СПб, Космонавтов, 45, Аптека, ОКей;137533,84
2020-04-09 00:00:00;СПб, Выборгское, 19, Аптека, ОКей;169240,1
2020-04-10 00:00:00;СПб, Космонавтов, 45, Аптека, ОКей;153927,9
2020-04-10 00:00:00;Москва Красных Зорь 21;141850,1
2020-04-10 00:00:00;Москва Скобелевская 4;176786,16
2020-04-10 00:00:00;Москва Ярославское ш. 2 к.2;194034,93
2020-04-10 00:00:00;МО Горки-10 23;185236,85
2020-04-10 00:00:00;Москва Березовой Рощи пр-д 8;137013
2020-04-10 00:00:00;СПб, Московский, 137, Аптека, ОКей;227460,22
2020-04-10 00:00:00;СПб, Выборгское, 19, Аптека, ОКей;276042,41
2020-04-11 00:00:00;СПб, Космонавтов, 45, Аптека, ОКей;204035,56
2020-04-11 00:00:00;Москва Березовой Рощи пр-д 8;212203,06
2020-04-11 00:00:00;СПб, Выборгское, 19, Аптека, ОКей;282601,76
2020-04-11 00:00:00;Москва Ярославское ш. 2 к.2;147646,84
2020-04-11 00:00:00;МО Горки-10 23;245638,85
2020-04-11 00:00:00;СПб, Московский, 137, Аптека, ОКей;164108,61
2020-04-11 00:00:00;Москва Красных Зорь 21;163413
2020-04-11 00:00:00;Москва Скобелевская 4;153083,43
2020-04-12 00:00:00;МО Горки-10 23;211042,7
2020-04-12 00:00:00;СПб, Выборгское, 19, Аптека, ОКей;198901,4
2020-04-12 00:00:00;Москва Скобелевская 4;187369,5
2020-04-12 00:00:00;Москва Ярославское ш. 2 к.2;161582,9
2020-04-12 00:00:00;Москва Красных Зорь 21;197427,4
2020-04-12 00:00:00;СПб, Московский, 137, Аптека, ОКей;141272,5
2020-04-12 00:00:00;Москва Березовой Рощи пр-д 8;276445,72
2020-04-12 00:00:00;СПб, Космонавтов, 45, Аптека, ОКей;202750,15
2020-04-13 00:00:00;Москва Ярославское ш. 2 к.2;151711,15
2020-04-13 00:00:00;Москва Скобелевская 4;139974,86
2020-04-13 00:00:00;МО Горки-10 23;183253,38
2020-04-13 00:00:00;СПб, Выборгское, 19, Аптека, ОКей;241253,57
2020-04-13 00:00:00;СПб, Московский, 137, Аптека, ОКей;110591,4
2020-04-13 00:00:00;Москва Березовой Рощи пр-д 8;156607,93
2020-04-13 00:00:00;СПб, Космонавтов, 45, Аптека, ОКей;158543,69
2020-04-13 00:00:00;Москва Красных Зорь 21;152391,71
2020-04-14 00:00:00;СПб, Московский, 137, Аптека, ОКей;193854,8
2020-04-14 00:00:00;Москва Скобелевская 4;180431,2
2020-04-14 00:00:00;МО Горки-10 23;230974,1
2020-04-14 00:00:00;СПб, Космонавтов, 45, Аптека, ОКей;200098,9
2020-04-14 00:00:00;Москва Березовой Рощи пр-д 8;181859,51
2020-04-14 00:00:00;СПб, Выборгское, 19, Аптека, ОКей;214042,01
2020-04-14 00:00:00;Москва Красных Зорь 21;240633,79
2020-04-14 00:00:00;Москва Ярославское ш. 2 к.2;163829,97
2020-04-15 00:00:00;СПб, Московский, 137, Аптека, ОКей;162379,5
2020-04-15 00:00:00;Москва Скобелевская 4;108747,32
2020-04-15 00:00:00;Москва Березовой Рощи пр-д 8;132538,8
2020-04-15 00:00:00;Москва Красных Зорь 21;132378,28
2020-04-15 00:00:00;СПб, Выборгское, 19, Аптека, ОКей;197766,5
2020-04-15 00:00:00;Москва Ярославское ш. 2 к.2;111840,8
2020-04-15 00:00:00;МО Горки-10 23;98811,3
2020-04-15 00:00:00;СПб, Космонавтов, 45, Аптека, ОКей;176814,05
2020-04-16 00:00:00;Москва Ярославское ш. 2 к.2;132532,65
2020-04-16 00:00:00;Москва Скобелевская 4;174946,87
2020-04-16 00:00:00;Москва Красных Зорь 21;162834,6
2020-04-16 00:00:00;Москва Березовой Рощи пр-д 8;125260,1
2020-04-16 00:00:00;СПб, Космонавтов, 45, Аптека, ОКей;192433,68
2020-04-16 00:00:00;СПб, Московский, 137, Аптека, ОКей;131411
2020-04-16 00:00:00;СПб, Выборгское, 19, Аптека, ОКей;216352,12
2020-04-16 00:00:00;МО Горки-10 23;92028,35
2020-04-17 00:00:00;Москва Березовой Рощи пр-д 8;152363
2020-04-17 00:00:00;Москва Красных Зорь 21;127525,2
2020-04-17 00:00:00;СПб, Космонавтов, 45, Аптека, ОКей;202372,62
2020-04-17 00:00:00;Москва Ярославское ш. 2 к.2;125901,7
2020-04-17 00:00:00;МО Горки-10 23;179861,55
2020-04-17 00:00:00;Москва Скобелевская 4;154057,73
2020-04-17 00:00:00;СПб, Выборгское, 19, Аптека, ОКей;254365,65
2020-04-17 00:00:00;СПб, Московский, 137, Аптека, ОКей;167056,6
2020-04-18 00:00:00;Москва Ярославское ш. 2 к.2;141227,65
2020-04-18 00:00:00;МО Горки-10 23;150495,05
2020-04-18 00:00:00;Москва Красных Зорь 21;156029,06
2020-04-18 00:00:00;СПб, Выборгское, 19, Аптека, ОКей;236428,4
2020-04-18 00:00:00;Москва Березовой Рощи пр-д 8;184080,73
2020-04-18 00:00:00;СПб, Московский, 137, Аптека, ОКей;169404,61
2020-04-18 00:00:00;СПб, Космонавтов, 45, Аптека, ОКей;168558,88
2020-04-18 00:00:00;Москва Скобелевская 4;139117,89
2020-04-19 00:00:00;Москва Скобелевская 4;110110,06
2020-04-19 00:00:00;Москва Ярославское ш. 2 к.2;89224,25
2020-04-19 00:00:00;МО Горки-10 23;100936,05
2020-04-19 00:00:00;СПб, Выборгское, 19, Аптека, ОКей;129208,6
2020-04-19 00:00:00;СПб, Московский, 137, Аптека, ОКей;101534,65
2020-04-19 00:00:00;СПб, Космонавтов, 45, Аптека, ОКей;125792,2
2020-04-19 00:00:00;Москва Красных Зорь 21;120579,54
2020-04-19 00:00:00;Москва Березовой Рощи пр-д 8;153898,85
2020-04-20 00:00:00;Москва Березовой Рощи пр-д 8;197823,24
2020-04-20 00:00:00;СПб, Выборгское, 19, Аптека, ОКей;199078,5
2020-04-20 00:00:00;Москва Скобелевская 4;129583
2020-04-20 00:00:00;СПб, Космонавтов, 45, Аптека, ОКей;125262,4
2020-04-20 00:00:00;МО Горки-10 23;102271,35
2020-04-20 00:00:00;Москва Красных Зорь 21;149692,6
2020-04-20 00:00:00;СПб, Московский, 137, Аптека, ОКей;133182,15
2020-04-20 00:00:00;Москва Ярославское ш. 2 к.2;124335,25
2020-04-21 00:00:00;СПб, Московский, 137, Аптека, ОКей;141633,57
2020-04-21 00:00:00;Москва Скобелевская 4;156967,27
2020-04-21 00:00:00;МО Горки-10 23;177926,55
2020-04-21 00:00:00;СПб, Космонавтов, 45, Аптека, ОКей;139378,49
2020-04-21 00:00:00;Москва Ярославское ш. 2 к.2;138600,3
2020-04-21 00:00:00;Москва Березовой Рощи пр-д 8;199436
2020-04-21 00:00:00;СПб, Выборгское, 19, Аптека, ОКей;212711,1
2020-04-21 00:00:00;Москва Красных Зорь 21;193932,9
2020-04-22 00:00:00;СПб, Космонавтов, 45, Аптека, ОКей;174856,98
2020-04-22 00:00:00;Москва Красных Зорь 21;164459,14
2020-04-22 00:00:00;СПб, Московский, 137, Аптека, ОКей;148510,55
2020-04-22 00:00:00;СПб, Выборгское, 19, Аптека, ОКей;155757,3
2020-04-22 00:00:00;Москва Березовой Рощи пр-д 8;170365,6
2020-04-22 00:00:00;Москва Скобелевская 4;132972,39
2020-04-22 00:00:00;МО Горки-10 23;122084,4
2020-04-22 00:00:00;Москва Ярославское ш. 2 к.2;114628,67
2020-04-23 00:00:00;СПб, Московский, 137, Аптека, ОКей;138930
2020-04-23 00:00:00;Москва Березовой Рощи пр-д 8;247083,55
2020-04-23 00:00:00;Москва Красных Зорь 21;152003,15
2020-04-23 00:00:00;МО Горки-10 23;171967,58
2020-04-23 00:00:00;СПб, Космонавтов, 45, Аптека, ОКей;174500,57
2020-04-23 00:00:00;СПб, Выборгское, 19, Аптека, ОКей;167532,87
2020-04-23 00:00:00;Москва Скобелевская 4;160781,8
2020-04-23 00:00:00;Москва Ярославское ш. 2 к.2;163174,8
2020-04-24 00:00:00;Москва Красных Зорь 21;177444,26
2020-04-24 00:00:00;СПб, Выборгское, 19, Аптека, ОКей;211526,81
2020-04-24 00:00:00;Москва Березовой Рощи пр-д 8;192319,1
2020-04-24 00:00:00;МО Горки-10 23;177416,1
2020-04-24 00:00:00;Москва Ярославское ш. 2 к.2;134952,4
2020-04-24 00:00:00;СПб, Космонавтов, 45, Аптека, ОКей;172077,12
2020-04-24 00:00:00;Москва Скобелевская 4;169347,75
2020-04-24 00:00:00;СПб, Московский, 137, Аптека, ОКей;143053,6
2020-04-25 00:00:00;СПб, Выборгское, 19, Аптека, ОКей;204921,44
2020-04-25 00:00:00;Москва Ярославское ш. 2 к.2;123240
2020-04-25 00:00:00;Москва Красных Зорь 21;113109,3
2020-04-25 00:00:00;Москва Скобелевская 4;178839,89
2020-04-25 00:00:00;МО Горки-10 23;222726,6
2020-04-25 00:00:00;Москва Березовой Рощи пр-д 8;196246,08
2020-04-25 00:00:00;СПб, Московский, 137, Аптека, ОКей;143859
2020-04-25 00:00:00;СПб, Космонавтов, 45, Аптека, ОКей;137494,56
2020-04-26 00:00:00;Москва Ярославское ш. 2 к.2;91152,63
2020-04-26 00:00:00;Москва Скобелевская 4;105524,82
2020-04-26 00:00:00;МО Горки-10 23;119501,95
2020-04-26 00:00:00;СПб, Выборгское, 19, Аптека, ОКей;209714,57
2020-04-26 00:00:00;СПб, Московский, 137, Аптека, ОКей;136741,85
2020-04-26 00:00:00;СПб, Космонавтов, 45, Аптека, ОКей;115317,46
2020-04-26 00:00:00;Москва Березовой Рощи пр-д 8;182902,6
2020-04-26 00:00:00;Москва Красных Зорь 21;112612,25
2020-04-27 00:00:00;Москва Скобелевская 4;212317,95
2020-04-27 00:00:00;СПб, Выборгское, 19, Аптека, ОКей;200020,38
2020-04-27 00:00:00;МО Горки-10 23;126482,5
2020-04-27 00:00:00;Москва Ярославское ш. 2 к.2;143744,25
2020-04-27 00:00:00;СПб, Космонавтов, 45, Аптека, ОКей;179123,85
2020-04-27 00:00:00;Москва Красных Зорь 21;145871,93
2020-04-27 00:00:00;СПб, Московский, 137, Аптека, ОКей;165901,9
2020-04-27 00:00:00;Москва Березовой Рощи пр-д 8;180822,05
2020-04-28 00:00:00;СПб, Космонавтов, 45, Аптека, ОКей;171380,95
2020-04-28 00:00:00;Москва Скобелевская 4;205211,26
2020-04-28 00:00:00;СПб, Московский, 137, Аптека, ОКей;134193,92
2020-04-28 00:00:00;Москва Березовой Рощи пр-д 8;306114,72
2020-04-28 00:00:00;Москва Ярославское ш. 2 к.2;214288,42
2020-04-28 00:00:00;СПб, Выборгское, 19, Аптека, ОКей;166425,9
2020-04-28 00:00:00;Москва Красных Зорь 21;179546,7
2020-04-28 00:00:00;МО Горки-10 23;169039,51
2020-04-29 00:00:00;СПб, Московский, 137, Аптека, ОКей;158298,9
2020-04-29 00:00:00;СПб, Космонавтов, 45, Аптека, ОКей;162236,34
2020-04-29 00:00:00;Москва Красных Зорь 21;188141,8
2020-04-29 00:00:00;Москва Березовой Рощи пр-д 8;222697,92
2020-04-29 00:00:00;СПб, Выборгское, 19, Аптека, ОКей;233130,41
2020-04-29 00:00:00;МО Горки-10 23;145440,55
2020-04-29 00:00:00;Москва Скобелевская 4;125036,69
2020-04-29 00:00:00;Москва Ярославское ш. 2 к.2;172653,15
2020-04-30 00:00:00;Москва Березовой Рощи пр-д 8;194230,76
2020-04-30 00:00:00;СПб, Московский, 137, Аптека, ОКей;201082,85
2020-04-30 00:00:00;Москва Ярославское ш. 2 к.2;164483,64
2020-04-30 00:00:00;МО Горки-10 23;132164,85
2020-04-30 00:00:00;Москва Красных Зорь 21;213503,61
2020-04-30 00:00:00;СПб, Космонавтов, 45, Аптека, ОКей;181148,6
2020-04-30 00:00:00;СПб, Выборгское, 19, Аптека, ОКей;227771,05
2020-04-30 00:00:00;Москва Скобелевская 4;152452,5
2020-05-01 00:00:00;СПб, Космонавтов, 45, Аптека, ОКей;174439,06
2020-05-01 00:00:00;Москва Ярославское ш. 2 к.2;91609,2
2020-05-01 00:00:00;МО Горки-10 23;161928
2020-05-01 00:00:00;Москва Красных Зорь 21;125454,53
2020-05-01 00:00:00;СПб, Выборгское, 19, Аптека, ОКей;220666
2020-05-01 00:00:00;Москва Березовой Рощи пр-д 8;224589,95
2020-05-01 00:00:00;Москва Скобелевская 4;104508,8
2020-05-01 00:00:00;СПб, Московский, 137, Аптека, ОКей;173880,74
2020-05-02 00:00:00;СПб, Выборгское, 19, Аптека, ОКей;159579,8
2020-05-02 00:00:00;Москва Ярославское ш. 2 к.2;101815,4
2020-05-02 00:00:00;Москва Скобелевская 4;128462,9
2020-05-02 00:00:00;МО Горки-10 23;172593,54
2020-05-02 00:00:00;СПб, Московский, 137, Аптека, ОКей;113141,42
2020-05-02 00:00:00;Москва Березовой Рощи пр-д 8;175370,97
2020-05-02 00:00:00;СПб, Космонавтов, 45, Аптека, ОКей;138168,95
2020-05-02 00:00:00;Москва Красных Зорь 21;109876,2
2020-05-03 00:00:00;СПб, Выборгское, 19, Аптека, ОКей;212561,64
2020-05-03 00:00:00;Москва Скобелевская 4;130381,01
2020-05-03 00:00:00;СПб, Московский, 137, Аптека, ОКей;98536,38
2020-05-03 00:00:00;Москва Березовой Рощи пр-д 8;187766,8
2020-05-03 00:00:00;Москва Красных Зорь 21;126374,05
2020-05-03 00:00:00;Москва Ярославское ш. 2 к.2;90164,35
2020-05-03 00:00:00;СПб, Космонавтов, 45, Аптека, ОКей;152658,06
2020-05-03 00:00:00;МО Горки-10 23;139477,25
2020-05-04 00:00:00;СПб, Московский, 137, Аптека, ОКей;157283,68
2020-05-04 00:00:00;Москва Скобелевская 4;134875,3
2020-05-04 00:00:00;СПб, Выборгское, 19, Аптека, ОКей;201700,9
2020-05-04 00:00:00;Москва Красных Зорь 21;164551,26
2020-05-04 00:00:00;Москва Березовой Рощи пр-д 8;115526,78
2020-05-04 00:00:00;СПб, Космонавтов, 45, Аптека, ОКей;148173,64
2020-05-04 00:00:00;МО Горки-10 23;144278,09
2020-05-04 00:00:00;Москва Ярославское ш. 2 к.2;93641,06
2020-05-05 00:00:00;Москва Березовой Рощи пр-д 8;144710,05
2020-05-05 00:00:00;СПб, Московский, 137, Аптека, ОКей;143301,29
2020-05-05 00:00:00;СПб, Космонавтов, 45, Аптека, ОКей;121086,5
2020-05-05 00:00:00;СПб, Выборгское, 19, Аптека, ОКей;180595,8
2020-05-05 00:00:00;Москва Красных Зорь 21;137333,96
2020-05-05 00:00:00;Москва Скобелевская 4;127827,65
2020-05-05 00:00:00;МО Горки-10 23;173109,65
2020-05-05 00:00:00;Москва Ярославское ш. 2 к.2;67825,5
2020-05-06 00:00:00;СПб, Московский, 137, Аптека, ОКей;129886,73
2020-05-06 00:00:00;СПб, Космонавтов, 45, Аптека, ОКей;139117,68
2020-05-06 00:00:00;Москва Березовой Рощи пр-д 8;158302,18
2020-05-06 00:00:00;Москва Красных Зорь 21;153401,95
2020-05-06 00:00:00;Москва Ярославское ш. 2 к.2;148558,24
2020-05-06 00:00:00;Москва Скобелевская 4;105514
2020-05-06 00:00:00;МО Горки-10 23;168131,78
2020-05-06 00:00:00;СПб, Выборгское, 19, Аптека, ОКей;188673,2
2020-05-07 00:00:00;МО Горки-10 23;157614,25
2020-05-07 00:00:00;СПб, Космонавтов, 45, Аптека, ОКей;170163,51
2020-05-07 00:00:00;Москва Красных Зорь 21;138768,6
2020-05-07 00:00:00;Москва Ярославское ш. 2 к.2;121723,4
2020-05-07 00:00:00;СПб, Московский, 137, Аптека, ОКей;129334,7
2020-05-07 00:00:00;Москва Березовой Рощи пр-д 8;156094,5
2020-05-07 00:00:00;Москва Скобелевская 4;143539,04
2020-05-07 00:00:00;СПб, Выборгское, 19, Аптека, ОКей;199286,15
2020-05-08 00:00:00;СПб, Космонавтов, 45, Аптека, ОКей;172058,5
2020-05-08 00:00:00;Москва Ярославское ш. 2 к.2;132247,89
2020-05-08 00:00:00;Москва Красных Зорь 21;151103,85
2020-05-08 00:00:00;СПб, Выборгское, 19, Аптека, ОКей;271403,02
2020-05-08 00:00:00;МО Горки-10 23;179801,5
2020-05-08 00:00:00;СПб, Московский, 137, Аптека, ОКей;176221,52
2020-05-08 00:00:00;Москва Скобелевская 4;158676,6
2020-05-08 00:00:00;Москва Березовой Рощи пр-д 8;159250,8
2020-05-09 00:00:00;СПб, Выборгское, 19, Аптека, ОКей;178345,5
2020-05-09 00:00:00;МО Горки-10 23;91729,76
2020-05-09 00:00:00;СПб, Космонавтов, 45, Аптека, ОКей;163577,3
2020-05-09 00:00:00;СПб, Московский, 137, Аптека, ОКей;118696,8
2020-05-09 00:00:00;Москва Березовой Рощи пр-д 8;150922,5
2020-05-09 00:00:00;Москва Ярославское ш. 2 к.2;88160,6
2020-05-09 00:00:00;Москва Скобелевская 4;102552,35
2020-05-09 00:00:00;Москва Красных Зорь 21;102518,35
2020-05-10 00:00:00;СПб, Московский, 137, Аптека, ОКей;97755,2
2020-05-10 00:00:00;Москва Скобелевская 4;103198,26
2020-05-10 00:00:00;СПб, Выборгское, 19, Аптека, ОКей;179360,7
2020-05-10 00:00:00;СПб, Космонавтов, 45, Аптека, ОКей;123220,1
2020-05-10 00:00:00;Москва Березовой Рощи пр-д 8;171905,84
2020-05-10 00:00:00;МО Горки-10 23;141508,35
2020-05-10 00:00:00;Москва Красных Зорь 21;92018,5
2020-05-10 00:00:00;Москва Ярославское ш. 2 к.2;90970,79
2020-05-11 00:00:00;СПб, Московский, 137, Аптека, ОКей;112325,7
2020-05-11 00:00:00;Москва Скобелевская 4;130564,6
2020-05-11 00:00:00;МО Горки-10 23;129896,4
2020-05-11 00:00:00;Москва Ярославское ш. 2 к.2;111837,2
2020-05-11 00:00:00;СПб, Космонавтов, 45, Аптека, ОКей;173097,74
2020-05-11 00:00:00;СПб, Выборгское, 19, Аптека, ОКей;186822,45
2020-05-11 00:00:00;Москва Красных Зорь 21;119742,02
2020-05-11 00:00:00;Москва Березовой Рощи пр-д 8;145624,2
2020-05-12 00:00:00;СПб, Космонавтов, 45, Аптека, ОКей;136391,92
2020-05-12 00:00:00;Москва Красных Зорь 21;182874,85
2020-05-12 00:00:00;Москва Березовой Рощи пр-д 8;213100,5
2020-05-12 00:00:00;СПб, Московский, 137, Аптека, ОКей;143697,06
2020-05-12 00:00:00;МО Горки-10 23;167716,31
2020-05-12 00:00:00;СПб, Выборгское, 19, Аптека, ОКей;177020,5
2020-05-12 00:00:00;Москва Ярославское ш. 2 к.2;119525,1
2020-05-12 00:00:00;Москва Скобелевская 4;124590,9
2020-05-13 00:00:00;Москва Березовой Рощи пр-д 8;200459,79
2020-05-13 00:00:00;СПб, Московский, 137, Аптека, ОКей;149787,15
2020-05-13 00:00:00;СПб, Космонавтов, 45, Аптека, ОКей;132938,45
2020-05-13 00:00:00;МО Горки-10 23;108394,4
2020-05-13 00:00:00;Москва Красных Зорь 21;151817
2020-05-13 00:00:00;СПб, Выборгское, 19, Аптека, ОКей;175936,22
2020-05-13 00:00:00;Москва Ярославское ш. 2 к.2;129335,43
2020-05-13 00:00:00;Москва Скобелевская 4;118217,8
2020-05-14 00:00:00;Москва Красных Зорь 21;187479,35
2020-05-14 00:00:00;СПб, Выборгское, 19, Аптека, ОКей;175501,9
2020-05-14 00:00:00;Москва Березовой Рощи пр-д 8;197666,71
2020-05-14 00:00:00;Москва Ярославское ш. 2 к.2;114684,32
2020-05-14 00:00:00;СПб, Космонавтов, 45, Аптека, ОКей;153482,3
2020-05-14 00:00:00;МО Горки-10 23;195841,55
2020-05-14 00:00:00;СПб, Московский, 137, Аптека, ОКей;123274,3
2020-05-14 00:00:00;Москва Скобелевская 4;115546
2020-05-15 00:00:00;СПб, Выборгское, 19, Аптека, ОКей;253687,7
2020-05-15 00:00:00;Москва Ярославское ш. 2 к.2;115754,05
2020-05-15 00:00:00;МО Горки-10 23;123594,1
2020-05-15 00:00:00;Москва Красных Зорь 21;94799,4
2020-05-15 00:00:00;Москва Березовой Рощи пр-д 8;129930,81
2020-05-15 00:00:00;Москва Скобелевская 4;92028,28
2020-05-15 00:00:00;СПб, Московский, 137, Аптека, ОКей;165645,2
2020-05-15 00:00:00;СПб, Космонавтов, 45, Аптека, ОКей;182473,2
2020-05-16 00:00:00;Москва Скобелевская 4;135002
2020-05-16 00:00:00;Москва Ярославское ш. 2 к.2;100327,23
2020-05-16 00:00:00;МО Горки-10 23;176806,49
2020-05-16 00:00:00;СПб, Выборгское, 19, Аптека, ОКей;272949,75
2020-05-16 00:00:00;СПб, Московский, 137, Аптека, ОКей;126240,02
2020-05-16 00:00:00;СПб, Космонавтов, 45, Аптека, ОКей;138941,9
2020-05-16 00:00:00;Москва Красных Зорь 21;114760,88
2020-05-16 00:00:00;Москва Березовой Рощи пр-д 8;140857,1
2020-05-17 00:00:00;СПб, Выборгское, 19, Аптека, ОКей;184767,54
2020-05-17 00:00:00;Москва Скобелевская 4;95876,2
2020-05-17 00:00:00;СПб, Космонавтов, 45, Аптека, ОКей;155856
2020-05-17 00:00:00;МО Горки-10 23;103536,5
2020-05-17 00:00:00;Москва Ярославское ш. 2 к.2;100738,05
2020-05-17 00:00:00;Москва Березовой Рощи пр-д 8;161093,38
2020-05-17 00:00:00;Москва Красных Зорь 21;101811,5
2020-05-17 00:00:00;СПб, Московский, 137, Аптека, ОКей;167701
2020-05-18 00:00:00;СПб, Космонавтов, 45, Аптека, ОКей;144335,22
2020-05-18 00:00:00;Москва Скобелевская 4;107782,6
2020-05-18 00:00:00;Москва Березовой Рощи пр-д 8;248782,3
2020-05-18 00:00:00;СПб, Московский, 137, Аптека, ОКей;112099
2020-05-18 00:00:00;СПб, Выборгское, 19, Аптека, ОКей;174296,66
2020-05-18 00:00:00;МО Горки-10 23;122948,94
2020-05-18 00:00:00;Москва Красных Зорь 21;111592,34
2020-05-18 00:00:00;Москва Ярославское ш. 2 к.2;127805,4
2020-05-19 00:00:00;Москва Красных Зорь 21;149681,3
2020-05-19 00:00:00;СПб, Космонавтов, 45, Аптека, ОКей;155751,1
2020-05-19 00:00:00;Москва Березовой Рощи пр-д 8;114683,3
2020-05-19 00:00:00;СПб, Московский, 137, Аптека, ОКей;126244,49
2020-05-19 00:00:00;СПб, Выборгское, 19, Аптека, ОКей;172526,52
2020-05-19 00:00:00;Москва Скобелевская 4;112177,44
2020-05-19 00:00:00;Москва Ярославское ш. 2 к.2;110608,12
2020-05-19 00:00:00;МО Горки-10 23;127292,6
2020-05-20 00:00:00;Москва Березовой Рощи пр-д 8;262085,14
2020-05-20 00:00:00;СПб, Московский, 137, Аптека, ОКей;123608,4
2020-05-20 00:00:00;СПб, Космонавтов, 45, Аптека, ОКей;146538,95
2020-05-20 00:00:00;МО Горки-10 23;186124,38
2020-05-20 00:00:00;Москва Красных Зорь 21;219678,55
2020-05-20 00:00:00;Москва Ярославское ш. 2 к.2;213479,86
2020-05-20 00:00:00;Москва Скобелевская 4;198772,36
2020-05-20 00:00:00;СПб, Выборгское, 19, Аптека, ОКей;182133,1
2020-05-21 00:00:00;СПб, Космонавтов, 45, Аптека, ОКей;160058,12
2020-05-21 00:00:00;Москва Ярославское ш. 2 к.2;170687,54
2020-05-21 00:00:00;МО Горки-10 23;162418,6
2020-05-21 00:00:00;СПб, Выборгское, 19, Аптека, ОКей;202957,15
2020-05-21 00:00:00;Москва Красных Зорь 21;132027,3
2020-05-21 00:00:00;Москва Скобелевская 4;106914,7
2020-05-21 00:00:00;СПб, Московский, 137, Аптека, ОКей;144068,7
2020-05-21 00:00:00;Москва Березовой Рощи пр-д 8;227120,45
2020-05-22 00:00:00;СПб, Выборгское, 19, Аптека, ОКей;195395,7
2020-05-22 00:00:00;Москва Ярославское ш. 2 к.2;158557,81
2020-05-22 00:00:00;МО Горки-10 23;150577,33
2020-05-22 00:00:00;Москва Скобелевская 4;125570,3
2020-05-22 00:00:00;СПб, Космонавтов, 45, Аптека, ОКей;171112,2
2020-05-22 00:00:00;СПб, Московский, 137, Аптека, ОКей;151186,8
2020-05-22 00:00:00;Москва Березовой Рощи пр-д 8;217444,2
2020-05-22 00:00:00;Москва Красных Зорь 21;104010
2020-05-23 00:00:00;СПб, Выборгское, 19, Аптека, ОКей;209998,9
2020-05-23 00:00:00;Москва Скобелевская 4;116063,05
2020-05-23 00:00:00;Москва Ярославское ш. 2 к.2;92678,63
2020-05-23 00:00:00;СПб, Московский, 137, Аптека, ОКей;153363,55
2020-05-23 00:00:00;Москва Березовой Рощи пр-д 8;140092,25
2020-05-23 00:00:00;СПб, Космонавтов, 45, Аптека, ОКей;129577,54
2020-05-23 00:00:00;Москва Красных Зорь 21;91640,2
2020-05-23 00:00:00;МО Горки-10 23;185707,84
2020-05-24 00:00:00;Москва Скобелевская 4;114488,26
2020-05-24 00:00:00;СПб, Московский, 137, Аптека, ОКей;121874,4
2020-05-24 00:00:00;Москва Березовой Рощи пр-д 8;110732,31
2020-05-24 00:00:00;Москва Красных Зорь 21;103274,1
2020-05-24 00:00:00;СПб, Выборгское, 19, Аптека, ОКей;171785,4
2020-05-24 00:00:00;Москва Ярославское ш. 2 к.2;98610,5
2020-05-24 00:00:00;МО Горки-10 23;111111,06
2020-05-24 00:00:00;СПб, Космонавтов, 45, Аптека, ОКей;118226,8
2020-05-25 00:00:00;Москва Березовой Рощи пр-д 8;196811,08
2020-05-25 00:00:00;СПб, Московский, 137, Аптека, ОКей;112926,9
2020-05-25 00:00:00;СПб, Космонавтов, 45, Аптека, ОКей;159712,83
2020-05-25 00:00:00;Москва Ярославское ш. 2 к.2;105183,9
2020-05-25 00:00:00;Москва Красных Зорь 21;125365,5
2020-05-25 00:00:00;МО Горки-10 23;187206,2
2020-05-25 00:00:00;Москва Скобелевская 4;122238,25
2020-05-25 00:00:00;СПб, Выборгское, 19, Аптека, ОКей;187554,63
2020-05-26 00:00:00;СПб, Космонавтов, 45, Аптека, ОКей;148617,7
2020-05-26 00:00:00;СПб, Московский, 137, Аптека, ОКей;138279,5
2020-05-26 00:00:00;МО Горки-10 23;171315,1
2020-05-26 00:00:00;Москва Березовой Рощи пр-д 8;185589,38
2020-05-26 00:00:00;Москва Красных Зорь 21;143125,55
2020-05-26 00:00:00;Москва Скобелевская 4;96164,73
2020-05-26 00:00:00;Москва Ярославское ш. 2 к.2;101790,79
2020-05-26 00:00:00;СПб, Выборгское, 19, Аптека, ОКей;206737,5
2020-05-27 00:00:00;СПб, Космонавтов, 45, Аптека, ОКей;155869,49
2020-05-27 00:00:00;Москва Красных Зорь 21;140573,51
2020-05-27 00:00:00;СПб, Выборгское, 19, Аптека, ОКей;168158,9
2020-05-27 00:00:00;Москва Березовой Рощи пр-д 8;137571,2
2020-05-27 00:00:00;Москва Ярославское ш. 2 к.2;137695,3
2020-05-27 00:00:00;МО Горки-10 23;140215,18
2020-05-27 00:00:00;СПб, Московский, 137, Аптека, ОКей;119211,78
2020-05-27 00:00:00;Москва Скобелевская 4;118464,4
2020-05-28 00:00:00;Москва Ярославское ш. 2 к.2;152752,69
2020-05-28 00:00:00;Москва Красных Зорь 21;161451,47
2020-05-28 00:00:00;МО Горки-10 23;241047,9
2020-05-28 00:00:00;СПб, Выборгское, 19, Аптека, ОКей;199996,35
2020-05-28 00:00:00;СПб, Московский, 137, Аптека, ОКей;154541,6
2020-05-28 00:00:00;Москва Березовой Рощи пр-д 8;273204,22
2020-05-28 00:00:00;СПб, Космонавтов, 45, Аптека, ОКей;113867
2020-05-28 00:00:00;Москва Скобелевская 4;138666,2
2020-05-29 00:00:00;Москва Ярославское ш. 2 к.2;108291,38
2020-05-29 00:00:00;МО Горки-10 23;92186,9
2020-05-29 00:00:00;Москва Скобелевская 4;95497,9
2020-05-29 00:00:00;СПб, Выборгское, 19, Аптека, ОКей;222981,72
2020-05-29 00:00:00;СПб, Космонавтов, 45, Аптека, ОКей;180688,91
2020-05-29 00:00:00;СПб, Московский, 137, Аптека, ОКей;204590,93
2020-05-29 00:00:00;Москва Березовой Рощи пр-д 8;132801,45
2020-05-29 00:00:00;Москва Красных Зорь 21;125701,3
2020-05-30 00:00:00;Москва Скобелевская 4;109829,95
2020-05-30 00:00:00;СПб, Выборгское, 19, Аптека, ОКей;160210,06
2020-05-30 00:00:00;СПб, Космонавтов, 45, Аптека, ОКей;181426,35
2020-05-30 00:00:00;Москва Красных Зорь 21;87873,5
2020-05-30 00:00:00;МО Горки-10 23;169429,02
2020-05-30 00:00:00;СПб, Московский, 137, Аптека, ОКей;125381,05
2020-05-30 00:00:00;Москва Березовой Рощи пр-д 8;217149,6
2020-05-30 00:00:00;Москва Ярославское ш. 2 к.2;120234,86
2020-05-31 00:00:00;СПб, Московский, 137, Аптека, ОКей;144885,8
2020-05-31 00:00:00;Москва Скобелевская 4;89103,3
2020-05-31 00:00:00;Москва Ярославское ш. 2 к.2;55363,5
2020-05-31 00:00:00;МО Горки-10 23;111452
2020-05-31 00:00:00;Москва Красных Зорь 21;88565,14
2020-05-31 00:00:00;Москва Березовой Рощи пр-д 8;140872
2020-05-31 00:00:00;СПб, Выборгское, 19, Аптека, ОКей;170400,4
2020-05-31 00:00:00;СПб, Космонавтов, 45, Аптека, ОКей;130549,2
2020-06-01 00:00:00;СПб, Московский, 137, Аптека, ОКей;151986,68
2020-06-01 00:00:00;СПб, Космонавтов, 45, Аптека, ОКей;156788,06
2020-06-01 00:00:00;Москва Березовой Рощи пр-д 8;186828,1
2020-06-01 00:00:00;Москва Красных Зорь 21;137083,82
2020-06-01 00:00:00;Москва Ярославское ш. 2 к.2;124350,15
2020-06-01 00:00:00;Москва Скобелевская 4;109514,86
2020-06-01 00:00:00;СПб, Выборгское, 19, Аптека, ОКей;188723,9
2020-06-01 00:00:00;МО Горки-10 23;115476,49
2020-06-02 00:00:00;Москва Березовой Рощи пр-д 8;246915,42
2020-06-02 00:00:00;СПб, Космонавтов, 45, Аптека, ОКей;126474,3
2020-06-02 00:00:00;Москва Красных Зорь 21;114077,78
2020-06-02 00:00:00;МО Горки-10 23;149077,2
2020-06-02 00:00:00;СПб, Московский, 137, Аптека, ОКей;162986,8
2020-06-02 00:00:00;СПб, Выборгское, 19, Аптека, ОКей;231433,1
2020-06-02 00:00:00;Москва Ярославское ш. 2 к.2;120104,7
2020-06-02 00:00:00;Москва Скобелевская 4;96112,1
2020-06-03 00:00:00;СПб, Выборгское, 19, Аптека, ОКей;202340,5
2020-06-03 00:00:00;Москва Красных Зорь 21;90798,1
2020-06-03 00:00:00;Москва Березовой Рощи пр-д 8;242647,1
2020-06-03 00:00:00;СПб, Космонавтов, 45, Аптека, ОКей;133997,98
2020-06-03 00:00:00;МО Горки-10 23;122593,7
2020-06-03 00:00:00;Москва Ярославское ш. 2 к.2;85580,31
2020-06-03 00:00:00;СПб, Московский, 137, Аптека, ОКей;134938,6
2020-06-03 00:00:00;Москва Скобелевская 4;107129,07
2020-06-04 00:00:00;СПб, Выборгское, 19, Аптека, ОКей;192121,5
2020-06-04 00:00:00;МО Горки-10 23;143952,16
2020-06-04 00:00:00;Москва Ярославское ш. 2 к.2;139434,1
2020-06-04 00:00:00;Москва Скобелевская 4;122259,4
2020-06-04 00:00:00;СПб, Московский, 137, Аптека, ОКей;177377,35
2020-06-04 00:00:00;Москва Березовой Рощи пр-д 8;155225,66
2020-06-04 00:00:00;Москва Красных Зорь 21;173549,1
2020-06-04 00:00:00;СПб, Космонавтов, 45, Аптека, ОКей;163092,19
